Constellation, Max Magnitude, Same Constellations Accross Cultures 
CON korean 168,-1.44, 2
CON korean 174,-0.62, 2
CON indian N15,-0.05, 4
CON sami 006,0.03, 2
CON belarusian 006,0.08, 1
CON macedonian 007,0.4, 1
CON sami 009,0.4, 1
CON bugis 010,0.4, 1
CON indian N06,0.45, 1
CON hawaiian_starlines NAK,0.61, 5
CON chinese 144,0.61, 1
CON sami 007,0.76, 1
CON indian N04,0.87, 2
CON indian N14,0.98, 1
CON korean 092,1.17, 2
CON mongolian 004,1.25, 1
CON indian N10,1.36, 1
#CON indian N07,1.58, 7
CON sami 010,1.58, 1
CON inuit 002,1.64, 1
CON arabic_arabian_peninsula 4501,1.83, 1
CON inuit 004,1.9, 1
CON sami 004,1.97, 2
CON korean 169,1.98, 1
CON egyptian 024,1.98, 1
CON korean 107,2.04, 2
CON arabic_ancient 5799,2.04, 2
CON arabic_arabian_peninsula 4213,2.07, 1
CON arabic_ancient 5699,2.07, 2
CON korean 253,2.08, 2
CON indian N12,2.14, 1
CON bugis 011,2.14, 1
CON chinese 048,2.15, 1
CON egyptian 009,2.21, 1
CON chinese 227,2.23, 2
CON macedonian 004,2.25, 1
#CON arabic_arabian_peninsula 4202,2.25, 15
CON hawaiian_starlines KHK,2.25, 1
CON korean 149,2.25, 2
CON japanese_moon_stations 21,2.25, 1
CON romanian Rar,2.25, 1
CON romanian Sfm,2.25, 1
CON bugis 008,2.25, 1
CON belarusian 020,2.28, 1
CON inuit 005,2.28, 1
CON chinese 151,2.29, 1
CON korean 021,2.3, 1
CON korean 012,2.33, 1
CON western_rey UMaP,2.34, 2
CON western_rey CruF,2.47, 2
CON egyptian 025,2.47, 1
CON indian N25,2.49, 6
CON indian N21,2.6, 1
CON arabic_arabian_peninsula 2602,2.64, 3
CON macedonian 019,2.66, 1
CON egyptian 023,2.68, 1
CON inuit 007,2.68, 1
CON hawaiian_starlines KOM,2.69, 1
CON korean 130,2.69, 2
CON chinese 266,2.69, 1
CON arabic_arabian_peninsula 2906,2.7, 4
CON indian N20,2.72, 1
CON inuit 001,2.72, 1
CON boorong Wrn,2.72, 1
CON arabic_arabian_peninsula 2901,2.75, 3
CON korean 254,2.78, 2
CON tukano 010,2.79, 2
CON hawaiian_starlines HAN,2.79, 10
#CON ruelle Cru,2.79, 1
CON mandar 001,2.79, 1
CON anutan 011,2.79, 1
CON boorong Kts,2.82, 1
CON arabic_arabian_peninsula 2504,2.83, 6
CON western_rey GSq,2.83, 2
CON sami 008,2.85, 1
CON western Tra,2.87, 5
CON indian N17,2.89, 4
#CON arabic_arabian_peninsula 2801,2.89, 11
CON korean 196,2.89, 1
CON indian N18,2.9, 4
CON macedonian 006,2.9, 1
CON korean 137,2.97, 2
CON navajo 007,2.99, 1
CON arabic_arabian_peninsula 0100,3.0, 4
CON korean 227,3.0, 2
CON ruelle Gru,3.0, 1
CON hawaiian_starlines MEE,3.02, 4
CON arabic_ancient 4599,3.02, 1
CON western_hlad Aur,3.03, 1
CON korean 013,3.04, 2
CON chinese 146,3.04, 1
CON macedonian 018,3.05, 3
CON hawaiian_starlines NAV,3.05, 1
CON korean 040,3.1, 2
CON arabic_ancient 3001,3.1, 3
CON arabic_ancient 5599,3.11, 2
CON chinese 044,3.11, 1
CON korean 173,3.12, 1
CON arabic_ancient 0699,3.17, 2
CON korean 023,3.18, 1
CON korean 035,3.19, 2
CON bugis 002,3.19, 1
CON arabic_ancient 1001,3.23, 1
CON anutan 003,3.24, 1
CON chinese 162,3.25, 1
CON western_hlad Hyi,3.26, 2
CON romanian Jgb,3.27, 1
CON korean 153,3.29, 2
CON chinese 280,3.31, 1
CON tukano 011,3.32, 6
#CON macedonian 001,3.32, 11
CON arabic_arabian_peninsula 3099,3.32, 3
CON arabic_ancient 3002,3.32, 2
CON sami 002,3.32, 1
CON bugis 005,3.32, 1
CON bugis 006,3.32, 1
CON indian N11,3.33, 4
CON western_hlad Pup,3.34, 1
#CON arabic_arabian_peninsula 300,3.35, 10
CON arabic_arabian_peninsula 4206,3.35, 3
CON arabic_ancient 2001,3.35, 1
CON sami 001,3.35, 1
CON ruelle Lup,3.37, 1
CON japanese_moon_stations 01,3.38, 2
CON western_hlad Ori,3.39, 1
CON sardinian 004,3.39, 2
CON chinese 148,3.39, 1
CON ruelle Cen,3.41, 1
CON boorong Tch,3.41, 1
CON arabic_arabian_peninsula 2650,3.42, 1
CON korean 104,3.42, 1
CON arabic_ancient 2601,3.42, 1
CON arabic_ancient 0420,3.45, 1
CON western_hlad Car,3.46, 1
CON inuit 010,3.46, 1
CON arabic_arabian_peninsula 2805,3.48, 3
CON korean 042,3.49, 1
CON korean 225,3.49, 1
CON romanian Cma,3.49, 1
CON korean 171,3.5, 1
CON western Cep,3.5, 2
CON arabic_arabian_peninsula 2804,3.52, 3
CON korean 081,3.52, 2
CON japanese_moon_stations 12,3.52, 1
CON korean 163,3.53, 1
CON korean 017,3.54, 2
CON korean 039,3.56, 1
CON arabic_ancient 0430,3.57, 1
CON western_rey UMap2,3.57, 1
CON chinese 107,3.57, 1
CON boorong Col,3.58, 1
CON korean 270,3.59, 1
CON arabic_ancient 5099,3.61, 1
CON anutan 005,3.61, 1
CON indian N19,3.62, 1
CON arabic_arabian_peninsula 2999,3.62, 3
CON korean 038,3.62, 2
CON egyptian 013,3.62, 1
CON korean 020,3.66, 2
CON ruelle Ind,3.67, 1
CON korean 101,3.69, 1
CON korean 132,3.69, 1
CON korean 226,3.69, 2
CON western Aur,3.69, 4
CON arabic_ancient 3599,3.69, 2
CON romanian C3i,3.69, 1
CON chinese 077,3.69, 1
#CON indian N22,3.71, 7
CON western_hlad Aql,3.71, 1
CON mandar 005,3.71, 1
CON western_rey Aur,3.72, 1
CON western_SnT Aur,3.72, 1
CON korean 256,3.75, 2
CON western_rey Opha1,3.75, 1
CON korean 154,3.76, 2
CON arabic_ancient 4499,3.76, 1
CON ruelle Lep,3.76, 1
CON ruelle Dor,3.76, 1
CON macedonian 003,3.77, 1
CON macedonian 017,3.77, 1
CON korean 181,3.77, 1
CON western Ara,3.77, 2
CON maori 005,3.77, 4
CON maori 006,3.77, 1
CON western_hlad Tau,3.77, 1
CON tupi 007,3.77, 1
CON chinese 244,3.77, 1
CON arabic_ancient 0501,3.78, 1
CON ruelle UMa,3.78, 1
CON korean 197,3.79, 2
CON arabic_ancient 0410,3.79, 2
CON western_rey Uma,3.79, 1
CON western_SnT UMa,3.79, 1
CON arabic_ancient 1899,3.8, 1
CON western_hlad Cyg,3.8, 1
CON western_rey For,3.8, 1
CON tukano 007,3.84, 3
CON korean 046,3.84, 2
CON western Mus,3.84, 2
CON arabic_ancient 0899,3.84, 1
CON arabic_ancient 2002,3.84, 1
CON ruelle Sgr,3.84, 1
CON ruelle Mus,3.84, 1
CON ruelle Ret,3.84, 1
CON mandar 002,3.84, 1
CON chinese 183,3.84, 1
CON korean 148,3.85, 1
CON western Vel,3.85, 2
CON western_hlad Vel,3.85, 2
CON ruelle Col,3.85, 1
CON western_rey DraT,3.85, 1
CON western_rey Vel,3.85, 1
CON western_rey Hor,3.85, 1
CON indian N24,3.86, 1
CON korean 155,3.86, 1
CON arabic_ancient 4699,3.86, 1
CON chinese 298,3.86, 1
CON korean 028,3.87, 3
CON ruelle Sco,3.87, 1
CON mandar 003,3.87, 1
CON bugis 003,3.87, 1
CON indian N01,3.88, 1
CON hawaiian_starlines KAO,3.88, 1
CON korean 109,3.88, 4
CON western Ari,3.88, 4
CON western Leo,3.88, 2
CON western_hlad Leo,3.88, 2
CON sardinian 007,3.88, 1
CON chinese 168,3.88, 1
CON arabic_arabian_peninsula 2808,3.89, 3
CON korean 269,3.89, 1
CON sardinian 009,3.89, 1
CON western_hlad Lib,3.91, 1
CON western_hlad Cen,3.91, 1
CON western_rey Lib,3.91, 2
CON romanian Cat,3.91, 1
CON arabic_al-sufi 05Boo04,3.91, 1
CON korean 071,3.92, 3
CON western_SnT Sgr,3.92, 1
CON ruelle Phe,3.93, 1
CON western_hlad Phe,3.94, 1
CON western_SnT Phe,3.94, 1
CON western_rey Cas,3.95, 1
CON chinese 282,3.95, 1
CON western_SnT Cyg,3.96, 1
CON arabic_ancient 3999,3.97, 2
CON egyptian 027,3.97, 1
CON western_SnT Lup,3.97, 1
CON western_hlad Per,3.98, 1
CON blackfoot 001,3.99, 1
CON korean 112,3.99, 1
CON korean 220,3.99, 2
CON arabic_ancient 4799,3.99, 1
CON korean 025,4.0, 2
CON western_hlad Sco,4.0, 1
CON western_SnT Sco,4.0, 1
CON romanian Gem,4.01, 1
#CON indian N13,4.02, 2
CON korean 268,4.02, 2
CON western Aql,4.02, 2
CON western Pyx,4.02, 2
CON ruelle Crv,4.02, 2
CON western_rey Pyx,4.02, 2
CON western Tri,4.03, 6
CON bugis 001,4.03, 1
CON bugis 012,4.03, 1
CON mandar 004,4.04, 1
CON korean 201,4.05, 2
CON western Boo,4.05, 3
CON arabic_ancient 5499,4.06, 1
CON western_hlad Ara,4.06, 1
CON western_hlad Mus,4.06, 1
CON ruelle Ara,4.06, 1
CON western_rey Ara,4.06, 1
CON western_rey Mus,4.06, 1
CON chinese 089,4.06, 1
CON chinese 281,4.06, 1
CON western_SnT Ara,4.06, 1
CON western_SnT Mus,4.06, 1
CON ruelle Cep,4.07, 1
CON chinese 091,4.08, 1
CON western_SnT Hyi,4.08, 1
CON western Tel,4.1, 3
CON korean 187,4.11, 1
CON western_hlad CMa,4.11, 1
CON western_rey TrA,4.11, 2
CON egyptian 008,4.11, 1
CON western Hyi,4.12, 2
CON western Lib,4.13, 2
CON arabic_ancient 4207,4.13, 1
CON ruelle Gem,4.13, 1
CON ruelle Peg,4.14, 1
CON romanian Ccp,4.14, 1
CON anutan 006,4.14, 1
CON korean 158,4.16, 2
CON korean 100,4.17, 1
CON korean 093,4.18, 1
CON chinese 279,4.18, 1
CON korean 088,4.2, 3
CON ruelle Her,4.2, 1
CON chinese 218,4.2, 1
CON ruelle Pav,4.21, 1
CON western Per,4.22, 3
CON ruelle Lyr,4.22, 1
CON ruelle Sct,4.22, 1
CON western_rey DraF,4.22, 1
CON western_rey Ophf2,4.22, 1
CON romanian Bar,4.22, 1
CON chinese 108,4.22, 1
CON chinese 310,4.22, 1
CON western Aps,4.23, 2
CON western_SnT Cep,4.23, 1
CON western Cha,4.24, 2
CON western CVn,4.24, 5
CON korean 115,4.25, 2
CON western_rey Cep,4.25, 1
CON korean 102,4.26, 2
CON ruelle Cer,4.26, 1
CON korean 126,4.27, 1
CON chinese 251,4.27, 1
CON korean 079,4.28, 1
CON western Cap,4.28, 3
CON arabic_ancient 2702,4.28, 1
CON western_rey Ant,4.28, 1
CON chinese 126,4.28, 1
CON western_SnT Peg,4.28, 1
CON western_SnT Tau,4.29, 1
CON macedonian 002,4.3, 1
CON korean 192,4.3, 3
CON korean 267,4.3, 2
CON western Tau,4.3, 2
CON japanese_moon_stations 18,4.3, 1
CON western_rey Tau,4.3, 1
CON western_rey Scl,4.3, 1
CON sardinian 001,4.3, 1
CON belarusian 007,4.3, 1
CON egyptian 012,4.3, 1
CON egyptian 015,4.3, 1
CON korean 026,4.31, 2
CON western Oct,4.31, 4
CON korean 202,4.32, 2
CON chinese 167,4.32, 1
CON korean 165,4.33, 1
CON korean 265,4.34, 1
CON western Lyr,4.34, 5
CON western_hlad Dor,4.34, 1
CON ruelle Cas,4.34, 1
CON ruelle Lac,4.34, 1
CON western_rey Chae,4.34, 1
CON romanian Tdz,4.34, 1
CON chinese 312,4.34, 1
CON western Com,4.35, 5
CON western Vol,4.35, 2
CON arabic_ancient 2299,4.35, 1
CON western_hlad Pav,4.35, 1
CON ruelle Ari,4.35, 1
CON romanian Sco,4.35, 1
CON western_SnT Com,4.35, 1
CON western_SnT Vol,4.35, 1
CON korean 125,4.36, 2
CON western Tuc,4.36, 2
CON arabic_ancient 2005,4.36, 1
CON western_hlad Lep,4.36, 1
CON western_hlad Col,4.36, 2
CON ruelle CMa,4.36, 1
CON western_rey CMa,4.36, 1
CON chinese 095,4.36, 1
CON chinese 192,4.36, 1
CON boorong Wpl,4.36, 1
CON western_SnT Aql,4.36, 1
CON western_SnT CMa,4.36, 1
CON western Col,4.37, 2
CON western_rey Col,4.37, 1
CON chinese 045,4.37, 1
CON korean 004,4.38, 1
CON korean 234,4.38, 1
CON western_hlad Vir,4.38, 1
CON western_rey Vir,4.38, 1
CON egyptian 002,4.38, 1
CON western_SnT Vir,4.38, 1
CON indian N05,4.39, 1
CON korean 166,4.39, 1
CON korean 172,4.39, 2
CON western Ind,4.39, 2
CON western Phe,4.39, 2
CON western_hlad Sge,4.39, 3
CON ruelle Sge,4.39, 1
CON ruelle Hya,4.39, 1
CON chinese 034,4.39, 1
CON western Pav,4.4, 3
CON western_hlad Ind,4.4, 1
CON western_SnT Pav,4.4, 1
CON blackfoot 003,4.41, 1
CON korean 062,4.41, 1
CON korean 159,4.41, 1
CON western Scl,4.41, 2
CON western Gem,4.41, 4
CON western_hlad Gem,4.41, 1
CON western_hlad Her,4.41, 1
CON western_rey Her,4.41, 1
CON western_rey Gem,4.41, 1
CON aztec 003,4.41, 1
CON korean 019,4.42, 1
CON egyptian 003,4.42, 1
CON indian N23,4.43, 1
CON macedonian 010,4.43, 1
CON macedonian 015,4.43, 1
CON korean 053,4.43, 1
CON western Del,4.43, 4
CON arabic_ancient 2399,4.43, 1
CON romanian Pmi,4.43, 1
CON anutan 007,4.43, 1
CON western_rey Cae,4.44, 1
CON chinese 051,4.44, 1
CON indian N09,4.45, 1
CON macedonian 013,4.45, 1
CON western For,4.45, 2
CON western_hlad Cha,4.45, 1
CON western_rey Aql,4.45, 1
CON western_rey Hya,4.46, 1
CON korean 014,4.47, 2
CON western Gru,4.47, 3
CON western_rey Leo,4.47, 1
CON anutan 001,4.47, 1
CON western_SnT Gru,4.47, 1
CON western_SnT Leo,4.47, 1
CON korean 097,4.48, 2
CON western Cir,4.48, 5
CON western_hlad Mon,4.48, 1
CON western_rey Sex,4.48, 1
CON chinese 066,4.48, 1
CON anutan 004,4.48, 1
CON western Cyg,4.49, 3
CON western_rey Tuc,4.49, 1
CON romanian Pma,4.49, 1
CON korean 007,4.5, 2
CON korean 205,4.5, 2
CON western Pic,4.5, 4
CON arabic_ancient 1101,4.5, 1
CON western_hlad Boo,4.5, 1
CON western_hlad PsA,4.5, 1
CON western_rey Pic,4.5, 1
CON boorong Mar,4.5, 1
CON western_hlad Tuc,4.51, 2
CON western_SnT Cap,4.51, 1
CON western_SnT Ind,4.51, 1
CON western_hlad Lac,4.52, 1
CON western_rey Sgr,4.52, 1
CON western_SnT Tel,4.52, 1
CON western And,4.53, 3
CON ruelle And,4.53, 1
CON ruelle Cyg,4.53, 1
CON western_rey Boo,4.53, 1
CON western_rey Boop,4.53, 1
CON western_rey Oph,4.53, 1
CON western_SnT And,4.53, 1
CON western_SnT Boo,4.53, 1
CON indian N16,4.54, 1
CON korean 018,4.54, 2
CON western CMa,4.54, 1
CON western LMi,4.54, 2
CON chinese_contemporary CMa,4.54, 1
CON western_hlad LMi,4.54, 1
CON japanese_moon_stations 03,4.54, 1
CON ruelle Lyn,4.54, 1
CON western UMa,4.55, 3
CON western Lac,4.55, 2
CON western_rey Lac,4.55, 2
CON korean 204,4.56, 2
CON western Ret,4.56, 5
CON chinese 054,4.56, 1
CON korean 242,4.57, 1
CON western_SnT Vul,4.57, 1
CON korean 087,4.58, 1
CON western Car,4.58, 2
CON arabic_ancient 2501,4.58, 2
CON arabic_ancient 2599,4.58, 1
CON western_rey Car,4.58, 1
CON chinese 248,4.58, 1
CON indian N28,4.59, 1
CON blackfoot 004,4.59, 2
CON korean 030,4.59, 1
CON western_hlad Scl,4.59, 1
CON ruelle CrB,4.59, 1
CON western_rey Lyr,4.59, 1
CON western_rey Phe,4.59, 1
CON lokono 011,4.59, 1
CON western_SnT Scl,4.59, 1
CON korean 008,4.6, 2
CON korean 249,4.6, 1
CON western_hlad Ant,4.6, 2
CON western_rey Per,4.6, 1
CON western_SnT Hya,4.6, 1
CON western_SnT Per,4.6, 1
CON korean 157,4.61, 1
CON western Lyn,4.61, 3
CON ruelle CarPupVel,4.61, 1
CON western_rey And,4.61, 1
CON western_rey Lyn,4.61, 1
CON korean 194,4.62, 1
CON korean 195,4.62, 1
CON western Cen,4.62, 2
CON western Ser,4.62, 2
CON western_hlad Oph,4.62, 1
CON western_rey Ser,4.62, 1
CON western_rey SerCd,4.62, 1
CON western_rey SerCp,4.62, 1
CON northern_andes 005,4.62, 1
CON western_SnT Car,4.62, 1
CON western_SnT CrA,4.62, 1
CON western_SnT Oph,4.62, 1
CON western_SnT Ser,4.62, 1
CON chinese 128,4.63, 1
CON korean 063,4.64, 2
CON korean 244,4.64, 2
CON korean 255,4.64, 1
CON western Her,4.64, 1
CON chinese_contemporary Her,4.64, 1
CON ruelle Boo,4.64, 1
CON ruelle Ori,4.64, 1
CON chinese 052,4.64, 1
CON indian N02,4.65, 2
CON arabic_arabian_peninsula 2603,4.65, 6
CON western Dor,4.65, 2
CON western_SnT Ori,4.65, 1
CON western_SnT Pup,4.65, 1
CON korean 049,4.66, 2
CON western Vul,4.66, 3
CON arabic_ancient 4205,4.66, 1
CON western_hlad Lup,4.66, 1
CON ruelle Mon,4.66, 1
CON western_rey Mon,4.66, 1
CON western_rey Lup,4.66, 1
CON romanian Rac,4.66, 2
CON western_SnT Mon,4.66, 1
CON korean 052,4.67, 3
CON korean 229,4.67, 2
CON korean 235,4.67, 1
CON western_hlad Sct,4.67, 1
CON western_rey Cnc,4.67, 1
CON western_rey Lep,4.67, 2
CON chinese 001,4.67, 1
CON chinese 294,4.67, 1
CON western_SnT Lyr,4.67, 1
CON korean 200,4.68, 1
CON western_hlad Aps,4.68, 2
CON western_hlad For,4.68, 2
CON ruelle Per,4.68, 1
CON ruelle Aqr,4.68, 1
CON western_rey Hyi,4.68, 1
CON western_rey Aps,4.68, 1
CON chinese 105,4.68, 1
CON western_rey Pup,4.69, 1
CON western_rey Ind,4.69, 1
CON hawaiian_starlines MAN,4.7, 1
CON korean 070,4.7, 2
CON korean 239,4.7, 1
CON western Sco,4.7, 3
CON maori 004,4.7, 1
CON western_rey Sco,4.7, 1
CON western_rey Sct,4.7, 2
CON western_rey Equ,4.7, 2
CON arabic_al-sufi Sco,4.7, 1
CON chinese 024,4.7, 1
CON chinese 083,4.7, 1
CON western_rey Dor,4.71, 2
CON korean 133,4.72, 1
CON korean 263,4.72, 1
CON western_rey LMi,4.72, 2
CON romanian Cap,4.72, 1
CON arabic_arabian_peninsula 3299,4.73, 3
CON korean 033,4.73, 1
CON korean 164,4.73, 1
CON western_hlad Nor,4.73, 3
CON korean 083,4.74, 1
CON arabic_ancient 3699,4.74, 2
CON arabic_ancient 5999,4.74, 1
CON western_hlad UMa,4.74, 1
CON western_hlad Ser,4.74, 1
CON japanese_moon_stations 15,4.74, 1
CON ruelle Ser,4.74, 1
CON chinese 252,4.74, 1
CON chinese 263,4.74, 1
CON western_SnT Eri,4.74, 1
CON korean 231,4.75, 1
CON western_rey Cen,4.75, 1
CON chinese 058,4.75, 1
CON chinese 174,4.75, 1
CON chinese 309,4.75, 1
CON korean 167,4.76, 1
CON western_hlad Cam,4.76, 1
CON western_hlad Vul,4.76, 1
CON western_rey Cam,4.76, 1
CON chinese 076,4.76, 1
CON chinese 097,4.76, 1
CON chinese 103,4.76, 1
CON chinese 274,4.76, 1
CON western_SnT Cam,4.76, 1
CON arabic_arabian_peninsula 3199,4.77, 3
CON korean 211,4.77, 1
CON korean 237,4.77, 1
CON korean 246,4.77, 1
CON western_hlad Cap,4.77, 1
CON ruelle Cap,4.77, 1
CON korean 034,4.78, 1
CON korean 080,4.78, 2
CON korean 141,4.78, 1
CON western Oph,4.78, 2
CON korean 024,4.79, 1
CON korean 257,4.79, 1
CON ruelle Vul,4.79, 1
CON romanian Csa,4.79, 1
CON chinese 313,4.79, 1
CON arabic_arabian_peninsula 3499,4.8, 3
CON korean 082,4.8, 1
CON korean 086,4.8, 1
CON korean 145,4.8, 1
CON korean 152,4.8, 2
CON western Eri,4.8, 2
CON arabic_ancient 4099,4.8, 2
CON arabic_ancient 4399,4.8, 1
CON western_hlad Aqr,4.8, 1
CON japanese_moon_stations 25,4.8, 1
CON western_rey Aqr,4.8, 1
CON chinese 072,4.8, 1
CON chinese 136,4.8, 1
CON chinese 232,4.8, 1
CON chinese 265,4.8, 1
CON anutan 010,4.8, 1
CON boorong Cwp,4.8, 1
CON western_SnT Aqr,4.8, 1
CON korean 010,4.81, 3
CON arabic_ancient 4204,4.81, 1
CON western_rey Virf,4.81, 1
CON chinese 109,4.81, 1
CON chinese 195,4.81, 1
CON korean 090,4.82, 1
CON western Aqr,4.82, 2
CON arabic_ancient 1199,4.82, 1
CON western_rey Ophb,4.82, 1
CON western_rey Cap,4.82, 1
CON romanian Sar,4.82, 1
CON arabic_al-sufi Ser,4.82, 1
CON chinese 140,4.82, 1
CON chinese 145,4.82, 1
CON western_hlad CrA,4.83, 1
CON chinese 182,4.83, 1
CON egyptian 021,4.83, 1
CON korean 208,4.84, 2
CON korean 212,4.84, 1
CON korean 266,4.84, 1
CON arabic_ancient 4999,4.84, 1
CON arabic_ancient 6299,4.84, 1
CON arabic_al-sufi Tri,4.84, 1
CON chinese 086,4.84, 1
CON western_SnT Her,4.84, 1
CON korean 022,4.85, 1
CON korean 037,4.85, 1
CON western Dra,4.86, 4
CON arabic_ancient 3799,4.86, 2
CON western_rey Dra,4.86, 2
CON western_rey DraH,4.86, 1
CON chinese 158,4.86, 1
CON chinese 208,4.86, 1
CON western_hlad Pyx,4.87, 1
CON romanian Ber,4.87, 1
CON arabic_al-sufi Arg,4.87, 1
CON chinese 221,4.87, 1
CON korean 044,4.88, 1
CON arabic_ancient 3003,4.88, 3
CON ruelle Tau,4.88, 1
CON chinese 306,4.88, 1
CON chinese 311,4.88, 1
CON western_SnT Cha,4.88, 1
CON korean 051,4.89, 1
CON korean 069,4.89, 1
CON korean 121,4.89, 1
CON korean 156,4.89, 1
CON korean 216,4.89, 1
CON western Mic,4.89, 2
CON arabic_ancient 0799,4.89, 2
CON arabic_ancient 5399,4.89, 1
CON western_hlad Dra,4.89, 1
CON western_rey Mic,4.89, 1
CON tukano 008,4.9, 1
CON chinese 081,4.9, 1
CON arabic_al-sufi Peg,4.91, 1
CON chinese 068,4.91, 1
CON korean 002,4.92, 2
CON korean 061,4.92, 1
CON boorong Wkr,4.92, 1
CON korean 139,4.93, 1
CON western_hlad Tel,4.93, 1
CON ruelle Aql2,4.93, 1
CON navajo 006,4.93, 1
CON chinese 131,4.93, 1
CON korean 006,4.94, 1
CON western Hya,4.94, 2
CON ruelle Dra,4.94, 1
CON arabic_al-sufi Cyg,4.94, 1
CON korean 031,4.95, 1
CON korean 067,4.95, 1
CON korean 099,4.95, 1
CON korean 222,4.95, 1
CON western Nor,4.95, 2
#CON western UMi,4.95, 9
CON aztec 004,4.95, 1
CON arabic_al-sufi UMi,4.95, 1
CON arabic_al-sufi Cas,4.95, 1
CON chinese 147,4.95, 1
CON western_SnT Psc,4.95, 1
CON ruelle Aur,4.96, 1
CON chinese 250,4.96, 1
CON chinese 257,4.96, 1
CON korean 122,4.97, 2
CON korean 210,4.97, 2
CON arabic_ancient 1901,4.97, 2
CON chinese 269,4.97, 1
CON boorong Djt,4.97, 1
#CON macedonian 016,4.98, 10
CON arabic_ancient 4203,4.98, 1
CON romanian Hra,4.98, 1
CON romanian Vca,4.98, 1
CON romanian Sec,4.98, 1
CON chinese 069,4.98, 1
CON chinese 141,4.98, 1
CON tukano 004,4.99, 1
CON korean 116,4.99, 1
CON korean 183,4.99, 1
CON japanese_moon_stations 24,4.99, 1
CON ruelle Leo,4.99, 1
CON navajo 004,4.99, 1
CON chinese 013,4.99, 1
CON chinese 149,4.99, 1
CON egyptian 007,4.99, 1
CON korean 252,5.0, 2
CON ruelle Tuc,5.0, 1
CON western_rey Cygn,5.0, 1
CON arabic_al-sufi CMa,5.0, 1
CON chinese 201,5.0, 1
CON korean 223,5.01, 1
CON korean 251,5.02, 1
CON western_hlad Sgr,5.02, 1
CON ruelle PsA,5.02, 1
CON western_rey PsA,5.02, 2
CON chinese 085,5.02, 1
CON western_rey Cenf,5.03, 1
CON chinese 163,5.03, 1
CON korean 005,5.04, 2
CON korean 075,5.04, 1
CON western_rey Cenb,5.04, 1
CON chinese 050,5.04, 1
CON chinese 165,5.04, 1
CON sardinian 002,5.05, 1
CON navajo 005,5.05, 3
CON arabic_al-sufi Cep,5.05, 1
CON chinese 296,5.05, 1
CON korean 048,5.06, 1
CON korean 180,5.06, 1
CON chinese 113,5.06, 1
CON chinese 226,5.06, 1
CON korean 096,5.07, 1
CON korean 188,5.07, 1
CON western Cae,5.07, 2
CON arabic_ancient 0601,5.07, 1
CON western_hlad Cae,5.07, 2
CON japanese_moon_stations 26,5.07, 1
CON arabic_al-sufi Dra,5.07, 1
CON western_SnT Cen,5.07, 1
CON korean 232,5.08, 1
CON western Cam,5.08, 2
CON western Sex,5.08, 2
CON western_hlad Hya,5.08, 1
CON western_hlad Sex,5.08, 1
CON japanese_moon_stations 09,5.08, 1
CON western_rey Men,5.08, 1
CON chinese 224,5.08, 1
CON korean 198,5.09, 1
CON western Sge,5.09, 2
CON western_hlad Oct,5.09, 1
CON arabic_al-sufi Sgr,5.09, 1
CON arabic_arabian_peninsula 3399,5.1, 3
CON korean 072,5.1, 1
CON chinese 249,5.1, 1
CON korean 068,5.11, 1
CON korean 184,5.11, 1
CON western_hlad Gru,5.11, 1
CON western_hlad Mic,5.11, 1
CON chinese 032,5.11, 1
CON chinese 074,5.11, 1
CON korean 045,5.12, 1
CON chinese 115,5.12, 1
CON korean 129,5.13, 1
CON korean 150,5.13, 1
CON western Cnc,5.13, 2
CON aztec 001,5.13, 1
CON chinese 135,5.13, 1
CON hawaiian_starlines IWI,5.14, 1
CON korean 029,5.14, 1
CON korean 119,5.14, 2
CON korean 123,5.14, 2
CON korean 178,5.14, 1
CON ruelle Cam,5.14, 1
CON western_rey Carh,5.14, 1
CON arabic_al-sufi Lup,5.14, 1
CON chinese 061,5.14, 1
CON chinese 176,5.14, 1
CON chinese 199,5.14, 1
CON korean 065,5.15, 2
CON korean 185,5.15, 1
CON korean 221,5.15, 1
CON korean 247,5.15, 1
CON western_hlad Del,5.15, 1
CON western_rey Peg,5.15, 1
CON chinese 178,5.15, 1
CON egyptian 014,5.15, 1
CON western Equ,5.16, 4
CON arabic_ancient 1501,5.16, 1
CON arabic_ancient 1502,5.16, 1
CON arabic_ancient 1599,5.16, 1
CON chinese 062,5.16, 1
CON chinese 134,5.16, 1
CON chinese 233,5.16, 1
CON western Crt,5.17, 3
CON arabic_ancient 5199,5.17, 1
CON western_hlad Crt,5.17, 1
CON ruelle Crt,5.17, 1
CON arabic_al-sufi Crt,5.17, 1
CON chinese 156,5.17, 1
CON egyptian 017,5.17, 1
CON western_SnT Crt,5.17, 1
CON korean 057,5.18, 1
CON korean 138,5.18, 1
CON arabic_ancient 1902,5.18, 2
CON arabic_ancient 1999,5.18, 2
CON western_hlad Men,5.18, 1
CON tupi 002,5.18, 1
CON chinese 046,5.18, 1
CON chinese 188,5.18, 1
CON korean 001,5.19, 1
CON western_SnT Sex,5.19, 1
CON korean 011,5.2, 1
CON korean 114,5.2, 1
CON korean 147,5.2, 1
CON korean 193,5.2, 1
CON western_hlad Lyn,5.2, 1
CON western_rey Crv,5.2, 1
CON arabic_al-sufi Crv,5.2, 1
CON chinese 031,5.2, 1
CON chinese 056,5.2, 1
CON chinese 256,5.2, 1
CON indian N27,5.21, 1
CON western Hor,5.21, 2
CON ruelle Psc,5.21, 1
CON chinese 262,5.21, 1
CON korean 131,5.22, 1
CON arabic_al-sufi Lyr,5.22, 1
CON chinese 212,5.22, 1
CON western Ant,5.23, 2
CON western_rey Ari,5.23, 1
CON korean 215,5.24, 1
CON siberian Kic,5.24, 1
CON western_rey Eri,5.24, 1
CON chinese 253,5.24, 1
CON korean 214,5.25, 1
CON korean 264,5.25, 1
CON chinese 111,5.25, 1
CON chinese 193,5.25, 1
CON korean 206,5.26, 2
CON western_hlad Eri,5.26, 1
CON ruelle Eri,5.26, 1
CON chinese 180,5.26, 1
CON korean 160,5.27, 1
CON ruelle Vir,5.27, 1
CON arabic_al-sufi And,5.27, 1
CON chinese 223,5.27, 1
CON chinese 230,5.27, 1
CON korean 161,5.28, 2
CON japanese_moon_stations 22,5.28, 1
CON korean 127,5.29, 1
CON korean 151,5.29, 2
CON western Lep,5.29, 2
CON arabic_ancient 5899,5.29, 1
CON western_rey Leoh,5.29, 1
CON western_rey Com,5.29, 1
CON arabic_al-sufi Lep,5.29, 1
CON chinese 079,5.29, 1
CON chinese 173,5.29, 1
CON western_hlad Equ,5.3, 1
CON western_hlad Hor,5.3, 1
CON western_rey Ophf1,5.3, 1
CON western_SnT Men,5.3, 1
CON korean 074,5.31, 1
CON korean 262,5.32, 1
CON western Pup,5.32, 2
CON arabic_al-sufi Lib,5.32, 1
CON egyptian 020,5.32, 1
CON indian N08,5.33, 1
CON korean 176,5.33, 2
CON western Ori,5.33, 2
CON western_rey Vol,5.33, 1
CON tupi 004,5.33, 1
CON arabic_al-sufi Can,5.33, 1
CON chinese 007,5.33, 1
CON chinese 071,5.33, 1
CON korean 162,5.34, 1
CON arabic_al-sufi Ori,5.34, 1
CON chinese 191,5.34, 1
CON western_rey Psc,5.35, 1
CON chinese 169,5.35, 1
CON boorong Won,5.35, 1
CON korean 182,5.36, 1
CON western CrA,5.36, 2
CON arabic_ancient 2008,5.36, 1
CON western_rey Virh,5.36, 1
CON western_rey CrA,5.36, 1
CON chinese 073,5.36, 1
CON boorong Bbg,5.36, 1
CON korean 076,5.37, 1
CON korean 146,5.37, 1
CON korean 224,5.37, 1
CON korean 233,5.37, 1
CON romanian Arc,5.37, 1
CON korean 084,5.38, 1
CON korean 108,5.38, 1
CON korean 186,5.38, 1
CON korean 236,5.38, 2
CON western Sct,5.38, 2
CON arabic_ancient 0299,5.38, 2
CON arabic_al-sufi Tau,5.38, 1
CON arabic_al-sufi Gem,5.38, 1
CON arabic_al-sufi Hya,5.38, 1
CON tongan 008,5.38, 1
CON korean 089,5.39, 1
CON chinese 139,5.39, 1
CON chinese 284,5.39, 1
CON korean 015,5.4, 1
CON korean 043,5.4, 1
CON western_rey Aqlt,5.4, 1
CON chinese 120,5.4, 1
CON chinese 209,5.4, 1
CON chinese 308,5.4, 1
CON western_SnT Hor,5.4, 1
CON chinese 246,5.41, 1
CON chinese 271,5.41, 1
CON korean 064,5.42, 1
CON korean 098,5.42, 1
CON korean 106,5.42, 1
CON korean 175,5.42, 1
CON western_rey Cenl,5.42, 1
CON navajo 001,5.42, 1
CON arabic_al-sufi SFB,5.42, 1
CON chinese 033,5.42, 1
CON hawaiian_starlines LUP,5.43, 1
CON korean 243,5.43, 2
CON korean 258,5.43, 1
CON western PsA,5.43, 2
CON ruelle Oph,5.43, 1
CON chinese 022,5.43, 1
CON chinese 129,5.43, 1
CON chinese 152,5.43, 1
CON chinese 210,5.43, 1
CON korean 041,5.44, 1
CON western_hlad Psc,5.44, 1
CON chinese 142,5.44, 1
CON chinese 172,5.44, 1
CON hawaiian_starlines MAK,5.45, 1
CON korean 124,5.45, 1
CON belarusian 003,5.45, 1
CON lokono 003,5.45, 1
CON korean 050,5.46, 1
CON western_rey Tauc2,5.46, 1
CON western_rey Cha,5.46, 1
CON arabic_al-sufi CrA,5.46, 1
CON chinese 185,5.46, 1
CON chinese 213,5.46, 1
CON anutan 009,5.46, 1
CON korean 199,5.47, 1
CON ruelle Com,5.47, 1
CON arabic_al-sufi UMa,5.47, 1
CON chinese 094,5.47, 1
CON korean 261,5.48, 1
CON chinese 098,5.48, 1
CON korean 248,5.49, 1
CON arabic_ancient 0499,5.49, 1
CON arabic_ancient 6199,5.49, 1
CON chinese 184,5.49, 1
CON chinese 297,5.49, 1
CON korean 094,5.5, 1
CON western Psc,5.5, 1
CON korean 056,5.51, 1
CON korean 170,5.51, 1
CON japanese_moon_stations 27,5.51, 1
CON arabic_al-sufi Aql,5.51, 1
CON korean 140,5.52, 1
CON western_rey Booh,5.52, 1
CON chinese 200,5.52, 1
CON korean 128,5.53, 1
CON korean 207,5.53, 1
CON western Men,5.53, 2
CON ruelle Lib,5.53, 1
CON korean 190,5.54, 1
CON western_rey Leot,5.54, 1
CON korean 066,5.55, 1
CON japanese_moon_stations 10,5.55, 1
CON western_rey Colw,5.55, 1
CON arabic_al-sufi Aqr,5.55, 1
CON chinese 207,5.55, 1
CON arabic_arabian_peninsula 2550,5.57, 3
CON korean 073,5.57, 1
CON korean 103,5.57, 1
CON arabic_ancient 1499,5.57, 3
CON arabic_ancient 2506,5.57, 1
CON arabic_ancient 2699,5.57, 1
CON book-of-the-stars-almagest SFA,5.57, 1
CON chinese 087,5.57, 1
CON korean 036,5.58, 1
CON korean 085,5.58, 1
CON korean 113,5.58, 1
CON korean 142,5.58, 1
CON western Peg,5.58, 2
CON western_hlad Peg,5.58, 1
CON arabic_al-sufi Leo,5.58, 1
CON chinese 231,5.58, 1
CON arabic_ancient 2003,5.6, 1
CON arabic_ancient 2004,5.6, 1
CON western_rey Aqlw1,5.6, 1
CON chinese 259,5.6, 1
CON chinese 261,5.6, 1
CON western_hlad CVn,5.61, 1
CON ruelle Cnc,5.62, 1
CON romanian Prb,5.62, 1
CON western_rey Opha2,5.63, 1
CON chinese 196,5.63, 1
CON western Sgr,5.64, 2
CON korean 120,5.65, 1
CON korean 209,5.65, 1
CON tukano 001,5.67, 1
CON arabic_al-sufi Boo,5.67, 1
CON chinese 043,5.67, 1
CON chinese 075,5.67, 1
CON chinese 216,5.67, 1
CON western_hlad Vol,5.68, 1
CON tukano 002,5.69, 1
CON korean 077,5.69, 1
CON korean 078,5.69, 1
CON korean 105,5.69, 1
CON korean 134,5.69, 1
CON western_rey Del,5.69, 1
CON arabic_al-sufi Her,5.69, 1
CON arabic_al-sufi Del,5.69, 1
CON chinese 037,5.69, 1
CON chinese 055,5.69, 1
CON chinese 215,5.69, 1
CON western Mon,5.7, 2
CON tupi 003,5.7, 1
CON korean 110,5.72, 1
CON korean 230,5.72, 1
CON western Lup,5.72, 2
CON arabic_al-sufi Ari,5.72, 1
CON chinese 153,5.72, 1
CON chinese 316,5.73, 1
CON korean 060,5.74, 1
CON chinese 118,5.74, 1
CON chinese 206,5.74, 1
CON chinese 070,5.75, 1
CON indian N03,5.76, 1
CON tukano 006,5.76, 1
CON korean 003,5.76, 1
CON korean 143,5.76, 1
CON korean 179,5.76, 1
CON korean 191,5.76, 1
CON tupi 006,5.76, 1
CON arabic_al-sufi Cen,5.76, 1
CON chinese 015,5.76, 1
CON boorong Wjl,5.77, 1
CON korean 144,5.78, 1
CON romanian Chi,5.78, 1
CON chinese 315,5.78, 1
CON korean 059,5.79, 1
CON korean 136,5.79, 1
CON korean 228,5.79, 1
CON arabic_al-sufi Eri,5.79, 1
CON arabic_al-sufi SHr,5.79, 1
CON chinese 114,5.79, 1
CON chinese 307,5.79, 1
CON chinese 125,5.8, 1
CON chinese 267,5.8, 1
CON chinese 198,5.81, 1
CON western_rey Colt,5.82, 1
CON korean 245,5.83, 1
CON korean 260,5.83, 1
CON chinese 116,5.83, 1
CON chinese 302,5.83, 1
CON western_rey Scot,5.84, 1
CON boorong Krk,5.84, 1
CON romanian Var,5.85, 1
CON chinese 203,5.85, 1
CON western_rey Hyat,5.86, 1
CON western_rey Scoc,5.86, 1
CON arabic_arabian_peninsula 4299,5.87, 1
CON arabic_ancient 4299,5.87, 2
CON chinese 101,5.87, 1
CON korean 217,5.88, 1
CON western_rey Cena1,5.88, 1
CON arabic_ancient 2703,5.89, 1
CON arabic_ancient 2799,5.89, 1
CON western_rey Aqlh,5.89, 1
CON arabic_al-sufi Ara,5.89, 1
CON chinese 132,5.89, 1
CON western Vir,5.9, 2
CON western_rey Boob,5.9, 1
CON chinese 190,5.9, 1
CON romanian Vir,5.91, 1
CON chinese 102,5.91, 1
CON chinese 143,5.91, 1
CON chinese 247,5.91, 1
CON korean 271,5.92, 1
CON chinese_contemporary Psc,5.92, 1
CON chinese 088,5.92, 1
CON western_rey Cenh,5.93, 1
CON macedonian 014,5.94, 1
CON korean 058,5.94, 1
CON arabic_al-sufi Cap,5.94, 1
CON chinese 016,5.94, 1
CON chinese 235,5.94, 1
CON chinese 242,5.94, 1
CON arabic_al-sufi PsA,5.95, 1
CON chinese 157,5.95, 1
CON western_rey Sgrh,5.96, 1
CON chinese 171,5.96, 1
CON korean 111,5.98, 1
CON korean 259,5.98, 1
CON western_rey Scoe,5.98, 1
CON chinese 119,5.98, 1
CON korean 054,5.99, 1
CON korean 135,5.99, 1
CON korean 213,5.99, 1
CON korean 240,5.99, 1
CON arabic_al-sufi Vir,5.99, 1
CON chinese 017,5.99, 1
CON chinese 272,5.99, 1
CON boorong Pur,5.99, 1
CON chinese 270,6.0, 1
CON chinese 289,6.0, 1
CON arabic_al-sufi Cet,6.01, 1
CON arabic_ancient 3004,6.02, 1
CON boorong Nln,6.04, 1
CON boorong Yur,6.06, 1
CON western_SnT Mic,6.06, 1
CON korean 218,6.07, 1
CON tupi 001,6.07, 1
CON arabic_al-sufi Psc,6.08, 1
CON korean 047,6.09, 1
CON arabic_al-sufi Aur,6.1, 1
CON chinese 318,6.1, 1
CON korean 238,6.12, 1
CON arabic_ancient 1399,6.12, 1
CON chinese 038,6.12, 1
CON arabic_arabian_peninsula 3005,6.13, 3
CON chinese 027,6.13, 1
CON western_rey Cena2,6.14, 1
CON chinese 225,6.15, 1
CON korean 091,6.18, 1
CON arabic_ancient 1099,6.19, 1
CON chinese 228,6.19, 1
CON chinese 255,6.2, 1
CON western_rey Cygw2,6.21, 1
CON korean 189,6.23, 1
CON chinese 064,6.23, 1
CON korean 016,6.24, 1
CON romanian Tau,6.24, 2
CON egyptian 005,6.24, 1
CON arabic_al-sufi Per,6.25, 1
CON western_rey SerHh,6.26, 1
CON chinese 012,6.28, 1
CON western_rey Taut,6.29, 1
CON macedonian 012,6.3, 1
CON chinese 030,6.3, 1
CON chinese 189,6.3, 1
CON arabic_ancient 1903,6.31, 2
CON western_hlad Cep,6.31, 1
CON chinese 277,6.31, 1
CON korean 203,6.32, 1
CON arabic_al-sufi Oph,6.32, 1
CON western_rey Pegh,6.33, 1
CON western_rey PscW,6.33, 1
CON western_rey Pupt,6.34, 1
CON romanian Omu,6.34, 1
CON chinese 053,6.34, 1
CON western_rey Hyah,6.35, 1
CON chinese 049,6.35, 1
CON korean 272,6.36, 1
CON arabic_ancient 4899,6.37, 1
CON arabic_ancient 6099,6.37, 1
CON chinese 273,6.38, 1
CON korean 177,6.39, 1
CON korean 241,6.39, 1
CON chinese 036,6.39, 1
CON arabic_ancient 2006,6.4, 1
CON arabic_ancient 2099,6.4, 1
CON western_rey Lupe,6.41, 1
CON lokono 006,6.41, 1
CON chinese 175,6.42, 1
CON boorong Tot,6.43, 1
CON tukano 009,6.44, 1
CON chinese 240,6.45, 1
CON tukano 003,6.46, 1
CON western Cet,6.47, 2
CON arabic_ancient 2811,6.47, 1
CON arabic_ancient 4199,6.47, 1
CON western_hlad Cet,6.47, 1
CON ruelle Cet,6.47, 1
CON western_rey Cet,6.47, 1
CON chinese 254,6.47, 1
CON western_SnT Cet,6.47, 1
CON macedonian 011,6.49, 1
CON chinese 035,6.49, 1
CON chinese 219,6.51, 1
CON chinese 268,6.51, 1
CON chinese 137,6.52, 1
CON tukano 005,6.54, 1
CON macedonian 009,6.54, 1
CON western_rey Oric,6.54, 1
CON macedonian 005,6.55, 1
CON chinese 154,6.55, 1
CON western_hlad Cnc,6.58, 1
CON navajo 008,6.6, 1
CON arabic_arabian_peninsula 2810,6.61, 3
CON chinese 117,6.61, 1
CON chinese 130,6.61, 1
CON chinese 292,6.61, 1
CON chinese 241,6.62, 1
CON chinese 229,6.64, 1
CON chinese 197,6.66, 1
CON northern_andes 003,6.66, 1
CON western_rey Pegw,6.67, 1
CON korean 027,6.68, 1
CON belarusian 012,6.69, 1
CON chinese 275,6.72, 1
CON lokono 007,6.72, 1
CON western_rey Arih,6.74, 1
CON chinese 186,6.74, 1
CON chinese 286,6.74, 1
CON tongan 007,6.75, 1
CON western_rey Oris,6.77, 1
CON chinese 258,6.77, 1
CON western_rey Tauc1,6.79, 1
CON boorong Tbg,6.8, 1
CON siberian DNe,6.83, 1
CON aztec 002,6.83, 1
CON boorong Lnk,6.83, 1
CON arabic_ancient 2499,6.85, 1
CON western_rey PscN,6.86, 1
CON chinese 181,6.86, 1
CON western_rey Colh,6.87, 1
CON arabic_ancient 1299,6.88, 1
CON chinese 295,6.88, 1
CON japanese_moon_stations 19,6.9, 1
CON chinese 104,6.9, 1
CON chinese 237,6.91, 1
CON western_rey Crvt,6.93, 1
CON chinese 278,6.93, 1
CON chinese 276,6.94, 1
CON western_rey Cygw1,6.95, 1
CON chinese 127,6.95, 1
CON navajo 002,6.96, 1
CON chinese 236,6.99, 1
CON chinese 287,6.99, 1
CON boorong War,7.03, 1
CON western_rey Aqlw2,7.06, 1
CON boorong Ydk,7.08, 1
CON western_rey Ophh,7.09, 1
CON western_rey Arit,7.14, 1
CON boorong Unu,7.17, 1
CON chinese 301,7.18, 1
CON egyptian 011,7.18, 1
CON romanian Psc,7.21, 1
CON lokono 012,7.22, 1
CON western_rey UMah,7.23, 1
CON northern_andes 001,7.25, 1
CON chinese 220,7.26, 1
CON western_rey Cyg,7.28, 1
CON chinese 029,7.32, 1
CON boorong Bun,7.33, 1
CON western_rey Tauh,7.35, 1
CON chinese 090,7.35, 1
CON boorong Cwr,7.35, 1
CON western_rey Ori,7.36, 1
CON western_rey Pegt,7.38, 1
CON chinese 290,7.39, 1
CON western_rey Andc,7.43, 1
CON western_rey Sgrs,7.46, 1
CON western_rey Lupt,7.47, 1
CON egyptian 010,7.47, 1
CON egyptian 028,7.47, 1
CON western_rey Aqra,7.49, 1
CON chinese 080,7.49, 1
CON western_rey Crvb,7.52, 1
CON chinese 214,7.52, 1
CON japanese_moon_stations 08,7.54, 1
CON chinese 067,7.55, 1
CON chinese 285,7.57, 1
CON arabic_arabian_peninsula 2803,7.58, 3
CON arabic_ancient 2899,7.58, 1
CON boorong Otc,7.6, 1
CON western_rey Orib,7.61, 1
CON arabic_arabian_peninsula 4201,7.64, 3
CON western_rey Volw1,7.74, 1
CON western_rey Herc,7.77, 1
CON arabic_al-sufi Sge,7.79, 1
CON western_rey Cygf,7.82, 1
CON western_rey Aqrv,7.86, 1
CON western_rey Cett,7.88, 1
CON western_rey Sgrb,7.9, 1
CON arabic_ancient 0999,7.92, 1
CON western_rey Volw2,7.98, 1
CON arabic_arabian_peninsula 2604,8.0, 3
CON boorong Kul,8.01, 1
CON western_rey Herk,8.13, 1
CON boorong Ktc,8.13, 1
CON egyptian 016,8.2, 1
CON indian N26,8.31, 1
CON northern_andes 002,8.35, 1
CON chinese 057,8.36, 1
CON egyptian 006,8.37, 1
CON navajo 003,8.5, 1
CON western_rey Aqrh,8.54, 1
CON western_rey Crvf,8.84, 1
CON macedonian 008,8.9, 1
CON northern_andes 004,9.73, 1
