Constellation, Simulated Prolificness, Same Constellations Accross Cultures 
CON chinese 148,3.7914305016977647, 1
CON korean 116,2.709174975013683, 1
CON chinese 269,1.4558084504023805, 1
CON korean 168,1.44, 2
CON ruelle Cas,1.147568875289223, 1
CON japanese_moon_stations 22,0.6785884436487359, 1
CON korean 174,0.62, 2
CON indian N15,0.05, 4
CON sami 006,-0.03, 2
CON belarusian 006,-0.08, 1
CON anutan 001,-0.09337997972074419, 1
CON hawaiian_starlines KHK,-0.15833718291121546, 1
CON chinese 213,-0.16246332717696355, 1
CON macedonian 007,-0.4, 1
CON sami 009,-0.4, 1
CON bugis 010,-0.4, 1
CON indian N06,-0.45, 1
CON chinese 307,-0.5501196275598481, 1
CON hawaiian_starlines NAK,-0.61, 5
CON chinese 144,-0.61, 1
CON korean 149,-0.692113562774457, 2
CON romanian Rar,-0.692113562774457, 1
CON bugis 008,-0.692113562774457, 1
CON chinese 013,-0.7593035795595258, 1
CON sami 007,-0.76, 1
CON indian N04,-0.87, 2
CON indian N14,-0.98, 1
CON romanian Sec,-1.0375174635111293, 1
CON chinese 156,-1.071580873061487, 1
CON korean 130,-1.1049103113296614, 2
CON chinese 266,-1.1049103113296614, 1
CON korean 092,-1.17, 2
CON korean 236,-1.2174977082889766, 2
CON mongolian 004,-1.25, 1
CON western_hlad Ori,-1.2983371829112156, 1
CON japanese_moon_stations 21,-1.3124296550818233, 1
CON korean 252,-1.3271885565365005, 2
CON korean 228,-1.356419651133332, 1
CON indian N10,-1.36, 1
CON arabic_ancient 5999,-1.365265170223998, 1
CON western_hlad Aur,-1.4449103113296613, 1
CON korean 229,-1.449589939382927, 2
CON arabic_ancient 6299,-1.4524620158392225, 1
#CON indian N07,-1.58, 7
CON sami 010,-1.58, 1
CON korean 037,-1.5951735103479088, 1
#CON macedonian 001,-1.5954962590587283, 11
CON sami 002,-1.5954962590587283, 1
CON inuit 002,-1.64, 1
CON korean 215,-1.6603444653022499, 1
CON anutan 011,-1.67713130937815, 1
CON ruelle Lep,-1.7293228278918353, 1
CON chinese 083,-1.7676295482274051, 1
CON arabic_arabian_peninsula 4501,-1.83, 1
CON korean 237,-1.8376295482274045, 1
CON inuit 004,-1.9, 1
CON sami 004,-1.97, 2
CON korean 169,-1.98, 1
CON egyptian 024,-1.98, 1
#CON western UMi,-2.017629548227405, 9
CON aztec 004,-2.017629548227405, 1
CON arabic_al-sufi UMi,-2.017629548227405, 1
CON korean 107,-2.04, 2
CON arabic_ancient 5799,-2.04, 2
CON chinese 062,-2.0627520042563443, 1
CON arabic_arabian_peninsula 4213,-2.07, 1
CON arabic_ancient 5699,-2.07, 2
CON korean 253,-2.08, 2
CON korean 246,-2.1047839949376397, 1
CON tukano 011,-2.1193491719213324, 6
CON bugis 005,-2.1193491719213324, 1
CON indian N12,-2.14, 1
CON bugis 011,-2.14, 1
CON chinese 048,-2.15, 1
CON korean 214,-2.1619042964977013, 1
CON egyptian 009,-2.21, 1
CON hawaiian_starlines KOM,-2.2192871740429325, 1
CON chinese 227,-2.23, 2
CON macedonian 004,-2.25, 1
#CON arabic_arabian_peninsula 4202,-2.25, 15
CON romanian Sfm,-2.25, 1
CON belarusian 020,-2.28, 1
CON inuit 005,-2.28, 1
CON chinese 151,-2.29, 1
CON korean 122,-2.2988795512499745, 2
CON korean 021,-2.3, 1
CON ruelle Cep,-2.3020775764311496, 1
CON korean 012,-2.33, 1
CON western_rey UMaP,-2.34, 2
CON indian N09,-2.3455566971105153, 1
CON korean 046,-2.3657698983778994, 2
CON korean 105,-2.3798455919228263, 1
CON romanian Jgb,-2.409534628329694, 1
CON mandar 001,-2.4143934024529106, 1
CON ruelle Crt,-2.4240683959022524, 1
CON western Aur,-2.425933623853235, 4
CON korean 114,-2.430540697997433, 1
CON arabic_arabian_peninsula 3099,-2.4478414226063245, 3
CON western_rey CruF,-2.47, 2
CON egyptian 025,-2.47, 1
CON hawaiian_starlines NAV,-2.472946368027216, 1
CON arabic_ancient 5099,-2.481538062253902, 1
CON indian N25,-2.49, 6
CON arabic_ancient 1899,-2.4926065430867177, 1
CON arabic_ancient 4599,-2.493815275656966, 1
CON bugis 003,-2.5345770926930875, 1
CON egyptian 021,-2.5401422132607143, 1
CON blackfoot 004,-2.5469462037555246, 2
CON mandar 004,-2.580213473089227, 1
CON indian N21,-2.6, 1
CON western_hlad Vir,-2.607677724918733, 1
CON ruelle Aur,-2.6217187539812032, 1
CON western_rey Ara,-2.6232828666521444, 1
CON western_SnT Ara,-2.6232828666521444, 1
CON arabic_arabian_peninsula 2602,-2.64, 3
CON bugis 002,-2.641912001183978, 1
CON macedonian 019,-2.66, 1
CON egyptian 023,-2.68, 1
CON inuit 007,-2.68, 1
CON arabic_arabian_peninsula 2906,-2.7, 4
CON maori 006,-2.7003616727260944, 1
CON western Tau,-2.7090185692629785, 2
CON indian N20,-2.72, 1
CON inuit 001,-2.72, 1
CON boorong Wrn,-2.72, 1
CON korean 192,-2.744148572056612, 3
CON arabic_arabian_peninsula 2901,-2.75, 3
CON korean 038,-2.7508507921402368, 2
CON indian N19,-2.752702487018645, 1
CON western_rey Lib,-2.7551555421071416, 2
CON ruelle Sco,-2.760132260926463, 1
CON ruelle Sgr,-2.761828444679707, 1
CON macedonian 002,-2.770093924794505, 1
CON korean 254,-2.78, 2
CON romanian Csa,-2.783053305602012, 1
CON blackfoot 001,-2.789349171921333, 1
CON tukano 010,-2.79, 2
CON hawaiian_starlines HAN,-2.79, 10
#CON ruelle Cru,-2.79, 1
CON arabic_arabian_peninsula 2808,-2.793197124367725, 3
CON ruelle Cen,-2.7956238438838517, 1
CON boorong Kts,-2.82, 1
CON egyptian 003,-2.825816992935758, 1
CON western_hlad Cen,-2.828186473461604, 1
CON korean 074,-2.8296207433484772, 1
CON arabic_arabian_peninsula 2504,-2.83, 6
CON western_rey GSq,-2.83, 2
CON western_hlad Pav,-2.837305372339638, 1
CON korean 202,-2.8411208068856277, 2
CON western_SnT Sgr,-2.841828444679707, 1
CON arabic_arabian_peninsula 2999,-2.8425730932224527, 3
CON sami 008,-2.85, 1
CON western Tra,-2.87, 5
CON western_SnT Mus,-2.879103031311445, 1
CON bugis 006,-2.884361596901034, 1
CON western_rey Cap,-2.888685838556621, 1
CON indian N17,-2.89, 4
#CON arabic_arabian_peninsula 2801,-2.89, 11
CON korean 196,-2.89, 1
CON western_SnT Pav,-2.8932145676637018, 1
CON western_rey Vir,-2.894007422160686, 1
CON western_rey Leo,-2.8976565894034394, 1
CON indian N18,-2.9, 4
CON macedonian 006,-2.9, 1
CON sardinian 004,-2.901865009566307, 2
CON western_hlad Cyg,-2.9043032583308896, 1
CON arabic_ancient 5199,-2.9202872044617147, 1
CON western_hlad Crt,-2.9202872044617147, 1
CON western_hlad Lib,-2.929533383024648, 1
#CON macedonian 016,-2.936946203755525, 10
CON romanian Hra,-2.936946203755525, 1
CON western_hlad CMa,-2.939085863673168, 1
#CON indian N13,-2.9691346010753596, 2
CON ruelle Crv,-2.9691346010753596, 2
CON western Cep,-2.9696174711777115, 2
CON korean 137,-2.97, 2
CON western_hlad Vel,-2.97444486665853, 2
CON chinese 171,-2.9765355836183636, 1
CON navajo 007,-2.99, 1
CON arabic_arabian_peninsula 0100,-3.0, 4
CON korean 227,-3.0, 2
CON ruelle Gru,-3.0, 1
#CON arabic_arabian_peninsula 300,-3.0053463109697383, 10
CON sami 001,-3.0053463109697383, 1
CON western_hlad Car,-3.007736666951173, 1
CON arabic_ancient 4899,-3.014780161378751, 1
CON romanian Cma,-3.0149106124993152, 1
CON hawaiian_starlines MEE,-3.02, 4
CON western Ara,-3.021654942140956, 2
CON western_SnT CrA,-3.032128494061072, 1
CON inuit 010,-3.034421439464961, 1
CON korean 013,-3.04, 2
CON chinese 146,-3.04, 1
CON western_hlad Pup,-3.040276087988574, 1
CON ruelle Her,-3.043174744648205, 1
CON macedonian 018,-3.05, 3
CON korean 183,-3.0536008909398027, 1
CON western CrA,-3.0701422132607146, 2
CON korean 040,-3.1, 2
CON arabic_ancient 3001,-3.1, 3
CON arabic_ancient 5599,-3.11, 2
CON chinese 044,-3.11, 1
CON korean 173,-3.12, 1
CON korean 179,-3.1461460781242208, 1
CON ruelle CrB,-3.15296695044547, 1
CON western_hlad Per,-3.1610156247463346, 1
CON arabic_ancient 0699,-3.17, 2
CON western_rey Vel,-3.1726452124867137, 1
CON korean 023,-3.18, 1
CON chinese 091,-3.182902249468018, 1
CON korean 159,-3.188003632087029, 1
CON korean 035,-3.19, 2
CON boorong Cwp,-3.197709145793013, 1
CON western_hlad Tau,-3.199827229756395, 1
CON tupi 007,-3.199827229756395, 1
CON western Vel,-3.200128582885417, 2
CON western_rey Hyi,-3.202831519273234, 1
CON lokono 003,-3.2089188732010783, 1
CON maori 005,-3.218919198719501, 4
CON western_hlad Sco,-3.2225730932224526, 1
CON western Aql,-3.2264682963850944, 2
CON arabic_ancient 1001,-3.23, 1
CON anutan 003,-3.24, 1
CON western_rey Aur,-3.2436872054005934, 1
CON western_SnT Aur,-3.2436872054005934, 1
CON chinese 162,-3.25, 1
CON chinese 089,-3.2513174288485795, 1
CON western_rey Tuc,-3.254110745609868, 1
CON western_hlad Hyi,-3.26, 2
CON western_hlad Tuc,-3.2741107456098675, 2
CON ruelle UMa,-3.279561636374723, 1
CON western_rey CrA,-3.2824749317472897, 1
CON chinese 113,-3.2899970160949987, 1
CON korean 153,-3.29, 2
CON romanian Gem,-3.2917149715197778, 1
CON egyptian 012,-3.3004298677859176, 1
CON western_rey Uma,-3.3020396554330955, 1
CON korean 124,-3.303874234026469, 1
CON chinese 280,-3.31, 1
CON western_hlad CrA,-3.3122781941730657, 1
CON arabic_ancient 3002,-3.32, 2
CON sardinian 007,-3.3261236694714422, 1
CON ruelle Peg,-3.327237689884892, 1
CON tukano 007,-3.3276804220169827, 3
CON indian N11,-3.33, 4
CON korean 197,-3.3356873158424696, 2
CON western Lib,-3.3374750166813802, 2
CON korean 235,-3.339425640197852, 1
CON western Crt,-3.3420149936373003, 3
CON western_SnT Crt,-3.3420149936373003, 1
CON western Gem,-3.3421326617468647, 4
CON western_rey Gem,-3.3421326617468647, 1
CON arabic_arabian_peninsula 4206,-3.35, 3
CON arabic_ancient 2001,-3.35, 1
CON ruelle Lup,-3.37, 1
CON egyptian 013,-3.3783037917393717, 1
CON japanese_moon_stations 01,-3.38, 2
CON western Leo,-3.382989872964636, 2
CON western_hlad Leo,-3.385898892435726, 2
CON western_SnT UMa,-3.3942234541482406, 1
CON korean 033,-3.395892818762533, 1
CON western Per,-3.4010156247463343, 3
CON western_rey Dra,-3.4041924730099735, 2
CON boorong Tch,-3.41, 1
CON mandar 002,-3.412266283682928, 1
CON western_SnT Car,-3.4124496196715017, 1
CON western_rey And,-3.415014227969126, 1
CON arabic_ancient 4699,-3.417748988492151, 1
CON arabic_arabian_peninsula 2650,-3.42, 1
CON korean 104,-3.42, 1
CON arabic_ancient 2601,-3.42, 1
CON romanian Vca,-3.4269518548026663, 1
CON western_hlad Phe,-3.432320279980601, 1
CON western_SnT Phe,-3.432320279980601, 1
CON bugis 001,-3.4359472714353583, 1
CON chinese 244,-3.4407551196301998, 1
CON arabic_ancient 4204,-3.4426182498200193, 1
CON arabic_ancient 3003,-3.4471027283429985, 3
CON western_SnT Vir,-3.4485652134771803, 1
CON arabic_ancient 0420,-3.45, 1
CON western_SnT Sco,-3.4519120011839783, 1
CON western Boo,-3.459784940364437, 3
CON western Lyr,-3.4670721817954124, 5
CON western_SnT Peg,-3.4672376898848927, 1
CON western_SnT Cyg,-3.472469262949278, 1
CON korean 247,-3.4748695008532287, 1
CON arabic_arabian_peninsula 2805,-3.48, 3
CON hawaiian_starlines LUP,-3.4848539699843646, 1
CON western Dra,-3.48924487858311, 4
CON korean 042,-3.49, 1
CON korean 225,-3.49, 1
CON western_rey Sgr,-3.4904361533305197, 1
CON ruelle Gem,-3.492029791275007, 1
CON korean 201,-3.4942662513723435, 2
CON arabic_ancient 1501,-3.4986927567881274, 1
CON korean 171,-3.5, 1
CON ruelle Cyg,-3.5076949445590024, 1
CON western_rey Her,-3.5090779313217224, 1
CON arabic_ancient 5499,-3.5170991914700793, 1
CON western_hlad Dra,-3.5192448785831094, 1
CON arabic_arabian_peninsula 2804,-3.52, 3
CON korean 081,-3.52, 2
CON japanese_moon_stations 12,-3.52, 1
CON arabic_ancient 1499,-3.526946203755525, 3
CON korean 163,-3.53, 1
CON korean 017,-3.54, 2
CON korean 188,-3.542833249781597, 1
CON korean 039,-3.56, 1
CON western_hlad Ser,-3.5604740454914507, 1
CON arabic_ancient 0430,-3.57, 1
CON western_rey UMap2,-3.57, 1
CON chinese 107,-3.57, 1
CON mandar 003,-3.5757524711210746, 1
CON boorong Col,-3.58, 1
CON chinese 081,-3.581956376245631, 1
CON western Lep,-3.5867405599828768, 2
CON ruelle Phe,-3.587704194670249, 1
CON korean 270,-3.59, 1
CON korean 099,-3.591717357487771, 1
CON korean 112,-3.5925580502335364, 1
CON arabic_ancient 4799,-3.5925580502335364, 1
CON hawaiian_starlines KAO,-3.6000995151146276, 1
CON western_rey Cas,-3.6053463109697383, 1
CON anutan 005,-3.61, 1
CON western_hlad Gem,-3.614527385711209, 1
CON chinese 165,-3.6265686055643327, 1
CON arabic_ancient 4205,-3.6406783456522254, 1
CON egyptian 002,-3.645016831759819, 1
CON ruelle Ara,-3.645157045263425, 1
CON korean 011,-3.655138934764204, 1
CON korean 020,-3.66, 2
CON ruelle Ind,-3.67, 1
CON boorong Won,-3.678696298074825, 1
CON chinese 263,-3.68582391267287, 1
CON ruelle Tau,-3.6876041283504004, 1
CON western_hlad UMa,-3.68827930637199, 1
CON romanian Ccp,-3.6897203031684613, 1
CON korean 101,-3.69, 1
CON korean 132,-3.69, 1
CON korean 226,-3.69, 2
CON arabic_ancient 3599,-3.69, 2
CON romanian C3i,-3.69, 1
CON chinese 077,-3.69, 1
CON sardinian 001,-3.70921242763844, 1
#CON indian N22,-3.71, 7
CON western_hlad Aql,-3.71, 1
CON mandar 005,-3.71, 1
CON chinese 097,-3.713579738683128, 1
CON boorong Mar,-3.7160317852073828, 1
CON korean 187,-3.717367460621464, 1
CON anutan 004,-3.7186307916299377, 1
CON western_rey Cep,-3.7196174711777115, 1
CON arabic_al-sufi Cep,-3.724119577560658, 1
CON blackfoot 003,-3.7260552655938497, 1
CON western_hlad Her,-3.7260552655938497, 1
CON romanian Bar,-3.7296377667344776, 1
CON arabic_ancient 3004,-3.730142213260714, 1
CON western_hlad Mus,-3.731639432313284, 1
CON western_rey Mus,-3.731639432313284, 1
CON western_SnT Lup,-3.7356735903599967, 1
CON western_SnT Aqr,-3.7401800314842397, 1
CON western Hyi,-3.7405027605321646, 2
CON western_hlad Lac,-3.745240373052824, 1
CON belarusian 007,-3.7489191987195007, 1
CON korean 256,-3.75, 2
CON western_rey Opha1,-3.75, 1
CON korean 154,-3.76, 2
CON arabic_ancient 4499,-3.76, 1
CON ruelle Dor,-3.76, 1
CON macedonian 003,-3.77, 1
CON macedonian 017,-3.77, 1
CON korean 181,-3.77, 1
CON aztec 003,-3.772029791275007, 1
CON western Oph,-3.7720305822171696, 2
CON western Pav,-3.7796714213110025, 3
CON ruelle Lib,-3.779924203811139, 1
CON arabic_ancient 0501,-3.78, 1
CON western_SnT Oph,-3.784648578893839, 1
CON western Del,-3.7849338724579793, 4
CON arabic_ancient 0410,-3.79, 2
CON western_rey SerCd,-3.7903933920718598, 1
CON arabic_al-sufi Can,-3.799865759905651, 1
CON western_rey For,-3.8, 1
CON ruelle Ori,-3.8046837334044876, 1
CON chinese 001,-3.813776405410622, 1
CON western And,-3.8149449942832168, 3
CON ruelle And,-3.8149449942832168, 1
CON western_SnT Tau,-3.8188355727622914, 1
CON korean 062,-3.8234368676968575, 1
CON western_rey Lep,-3.8259958117752713, 2
CON ruelle Pav,-3.8260854331485765, 1
CON japanese_moon_stations 24,-3.8274564472721258, 1
CON chinese 087,-3.8275131392224013, 1
CON western_rey Cnc,-3.82913891799219, 1
CON chinese 024,-3.830850792140237, 1
CON western Mus,-3.84, 2
CON arabic_ancient 0899,-3.84, 1
CON arabic_ancient 2002,-3.84, 1
CON ruelle Mus,-3.84, 1
CON ruelle Ret,-3.84, 1
CON chinese 183,-3.84, 1
CON western_hlad Lep,-3.8412799617569373, 1
CON korean 063,-3.841564167946827, 2
CON korean 148,-3.85, 1
CON ruelle Col,-3.85, 1
CON western_rey DraT,-3.85, 1
CON western_rey Hor,-3.85, 1
CON arabic_ancient 1502,-3.850942353734586, 1
CON western_rey Aql,-3.855789335186244, 1
CON western Cyg,-3.8566127307655256, 3
CON romanian Pma,-3.8566127307655256, 1
CON maori 004,-3.8578043416464878, 1
CON romanian Arc,-3.8591546471631224, 1
CON indian N24,-3.86, 1
CON korean 155,-3.86, 1
CON chinese 298,-3.86, 1
CON western_hlad PsA,-3.8684666721373477, 1
CON korean 028,-3.87, 3
CON romanian Tdz,-3.87121240833073, 1
CON western_hlad Oph,-3.871704820693739, 1
CON western_SnT Ori,-3.877222838978951, 1
CON arabic_ancient 1101,-3.8779177929645763, 1
CON korean 077,-3.878319013673264, 1
CON indian N01,-3.88, 1
CON korean 109,-3.88, 4
CON western Ari,-3.88, 4
CON chinese 168,-3.88, 1
CON chinese 032,-3.8820573197917323, 1
CON korean 141,-3.8836219920811015, 1
CON western Phe,-3.8843809239635076, 2
CON western_rey Lup,-3.887397813228562, 1
CON korean 269,-3.89, 1
CON sardinian 009,-3.89, 1
CON western_rey Car,-3.9005904463680428, 1
CON ruelle CMa,-3.9019895530708504, 1
CON western_SnT Cha,-3.9033399901907355, 1
CON lokono 011,-3.9060552655938494, 1
CON romanian Cat,-3.91, 1
CON arabic_al-sufi 05Boo04,-3.91, 1
CON western_rey Tau,-3.911659517747146, 1
CON western_SnT Cep,-3.913935993263319, 1
CON ruelle Per,-3.9158011333791785, 1
CON korean 249,-3.916055265593849, 1
CON western_SnT Vol,-3.9168084555720606, 1
CON western_rey Col,-3.9172999126132755, 1
CON korean 071,-3.92, 3
CON western Sco,-3.9225730932224527, 3
CON western_rey Oph,-3.923204139056865, 1
CON western_hlad Col,-3.923562068257854, 2
CON boorong Wpl,-3.925502405004168, 1
CON hawaiian_starlines MAN,-3.9268409799200192, 1
CON arabic_al-sufi Sco,-3.9268409799200192, 1
CON ruelle Lyn,-3.9317606597828476, 1
CON western Col,-3.933562068257854, 2
CON western Vol,-3.942911541385802, 2
CON chinese 282,-3.95, 1
CON chinese 167,-3.9550784987420586, 1
CON ruelle Cer,-3.960292073985652, 1
CON western Cap,-3.9668918868486696, 3
CON arabic_ancient 3999,-3.97, 2
CON egyptian 027,-3.97, 1
CON western_SnT Leo,-3.972989872964636, 1
CON western_hlad Boo,-3.9752913146557534, 1
CON chinese 022,-3.9803085314141753, 1
CON western_SnT Aql,-3.9828648431289184, 1
CON western Lyn,-3.9867737521991145, 3
CON western_rey Lyn,-3.9867737521991145, 1
CON western_hlad Lup,-3.9877166580635928, 1
CON korean 220,-3.99, 2
CON western_SnT Eri,-3.9959911945547515, 1
CON korean 170,-3.998931814232912, 1
CON western_rey Hya,-3.9994257907750534, 1
CON korean 094,-3.999674344030844, 1
CON ruelle Hya,-3.9997228396772306, 1
CON korean 025,-4.0, 2
CON western_SnT And,-4.000693818561697, 1
CON western_hlad Mon,-4.001475035503395, 1
CON korean 097,-4.0075911496450205, 2
CON boorong Yur,-4.007863968502512, 1
CON western Cen,-4.01056421006062, 2
CON chinese 142,-4.016217640584956, 1
CON korean 050,-4.019070016598192, 1
CON korean 268,-4.02, 2
CON western Pyx,-4.02, 2
CON western_rey Pyx,-4.02, 2
CON western Gru,-4.02995418314862, 3
CON western Tri,-4.03, 6
CON bugis 012,-4.03, 1
CON aztec 001,-4.033113388739833, 1
CON chinese 265,-4.034044468760291, 1
CON western Ori,-4.039356391814257, 2
CON western Lac,-4.042848563274813, 2
CON western_rey Lac,-4.042848563274813, 2
CON romanian Sco,-4.047253371200185, 1
CON arabic_al-sufi Arg,-4.047388951684093, 1
CON western_SnT Hya,-4.048450591816231, 1
CON ruelle Aqr,-4.05681062247132, 1
CON western_hlad Cha,-4.057633908406616, 1
CON western_hlad Ara,-4.06, 1
CON chinese 281,-4.06, 1
CON western Her,-4.061913483356416, 1
CON chinese_contemporary Her,-4.061913483356416, 1
CON chinese 262,-4.062742513001877, 1
CON western_hlad Pyx,-4.06491190082321, 1
CON western_rey Lyr,-4.066072189457083, 1
CON western_SnT Cap,-4.071690472947969, 1
CON western_rey Sco,-4.0796523507884705, 1
CON western_SnT Hyi,-4.08, 1
CON western_hlad Mic,-4.083012169088821, 1
CON western_hlad Aqr,-4.093366873198176, 1
CON western Tel,-4.1, 3
CON korean 138,-4.103976402057393, 1
CON korean 108,-4.104468935820272, 1
CON arabic_ancient 1902,-4.106376156151224, 2
CON western_rey Mon,-4.109888442339419, 1
CON western_SnT Mon,-4.109888442339419, 1
CON western_rey TrA,-4.11, 2
CON egyptian 008,-4.11, 1
CON western_rey Per,-4.118982874329818, 1
CON western_SnT Per,-4.118982874329818, 1
CON western_SnT Ind,-4.1210132456487685, 1
CON western_SnT Boo,-4.123124677815318, 1
CON arabic_ancient 4207,-4.13, 1
CON korean 075,-4.130167460778596, 1
CON western_SnT Lyr,-4.131568915327919, 1
CON western_rey CMa,-4.135433993324143, 1
CON western_SnT CMa,-4.135433993324143, 1
CON arabic_ancient 0499,-4.138678844753356, 1
CON anutan 006,-4.14, 1
CON western_SnT Pup,-4.140872071272963, 1
CON korean 090,-4.141396140071414, 1
CON northern_andes 005,-4.142061028369553, 1
CON chinese 031,-4.14913460107536, 1
CON anutan 007,-4.153742040865161, 1
CON korean 158,-4.16, 2
CON western UMa,-4.1602162754651015, 3
CON korean 178,-4.16351478331301, 1
CON korean 185,-4.165968517269581, 1
CON chinese 128,-4.1661074720905775, 1
CON western_rey Crv,-4.166437551020104, 1
CON korean 100,-4.17, 1
CON western_SnT Cam,-4.175851538979715, 1
CON western Car,-4.178232479119063, 2
CON korean 086,-4.179759987072103, 1
CON chinese 136,-4.179759987072103, 1
CON korean 093,-4.18, 1
CON chinese 279,-4.18, 1
CON korean 251,-4.180745997907119, 1
CON western_rey Pup,-4.1808720712729635, 1
CON japanese_moon_stations 15,-4.184748725301463, 1
CON sardinian 002,-4.190438088410222, 1
CON western_rey LMi,-4.191407793847407, 2
CON western_hlad Sgr,-4.1926753594346815, 1
CON western_SnT Ser,-4.1975374205493825, 1
CON chinese 232,-4.197663677335039, 1
CON arabic_ancient 1199,-4.197917792964576, 1
CON korean 088,-4.2, 3
CON chinese 218,-4.2, 1
CON western_SnT Gru,-4.207858648011818, 1
CON arabic_al-sufi Cas,-4.210303963159684, 1
CON ruelle Cap,-4.2133557040501595, 1
CON western_rey Ser,-4.217455422611621, 1
CON western_rey SerCp,-4.217455422611621, 1
CON ruelle Lyr,-4.22, 1
CON ruelle Sct,-4.22, 1
CON western_rey DraF,-4.22, 1
CON western_rey Ophf2,-4.22, 1
CON chinese 108,-4.22, 1
CON chinese 310,-4.22, 1
CON ruelle Ser,-4.220678187541411, 1
CON western_rey Dor,-4.222288371148224, 2
CON chinese 119,-4.224350815806263, 1
CON romanian Cap,-4.226821279286852, 1
CON western_rey Cam,-4.227818467602682, 1
CON western Aps,-4.23, 2
CON western_rey Boo,-4.230605354433704, 1
CON chinese 050,-4.230914888816211, 1
CON western Cha,-4.24, 2
CON western CVn,-4.24, 5
CON korean 115,-4.25, 2
CON korean 102,-4.26, 2
CON navajo 005,-4.260244444554405, 3
CON korean 161,-4.2606783456522255, 2
CON arabic_ancient 4999,-4.267400701738023, 1
CON siberian DNe,-4.267836407217548, 1
CON korean 126,-4.27, 1
CON chinese 251,-4.27, 1
CON korean 079,-4.28, 1
CON arabic_ancient 2702,-4.28, 1
CON western_rey Ant,-4.28, 1
CON chinese 126,-4.28, 1
CON western_SnT Her,-4.283022716603694, 1
CON western Ser,-4.2930595802223666, 2
CON korean 145,-4.294342010176439, 1
CON chinese 103,-4.294411300815813, 1
CON western_hlad Oct,-4.296004113865518, 1
CON western_hlad Tel,-4.299149739082567, 1
CON korean 267,-4.3, 2
CON japanese_moon_stations 18,-4.3, 1
CON western_rey Scl,-4.3, 1
CON egyptian 015,-4.3, 1
CON western_hlad Equ,-4.30125501826886, 1
CON western Aqr,-4.307868864735044, 2
CON western_hlad Cap,-4.308070623361655, 1
CON western_hlad Hya,-4.30873503843624, 1
CON korean 026,-4.31, 2
CON western Oct,-4.31, 4
CON arabic_ancient 5399,-4.311319661222728, 1
CON western Dor,-4.312251701502141, 2
CON japanese_moon_stations 25,-4.314134889714748, 1
CON western CMa,-4.315433993324143, 1
CON chinese_contemporary CMa,-4.315433993324143, 1
CON chinese 252,-4.3172853828903754, 1
CON korean 232,-4.31742767092438, 1
CON chinese 301,-4.324982572674857, 1
CON navajo 006,-4.325280015126525, 1
CON ruelle Mon,-4.325487879817427, 1
CON korean 022,-4.327808518770509, 1
CON chinese 221,-4.329977648621629, 1
CON korean 165,-4.33, 1
CON western_hlad Cam,-4.333379235903856, 1
CON korean 265,-4.34, 1
CON western_hlad Dor,-4.34, 1
CON ruelle Lac,-4.34, 1
CON western_rey Chae,-4.34, 1
CON chinese 312,-4.34, 1
CON ruelle Boo,-4.340605354433704, 1
CON ruelle Com,-4.342560503599912, 1
CON western Com,-4.35, 5
CON arabic_ancient 2299,-4.35, 1
CON ruelle Ari,-4.35, 1
CON western_SnT Com,-4.35, 1
CON western Eri,-4.352659324714899, 2
CON western_rey Aqr,-4.355108678313246, 1
CON western_rey Phe,-4.35662795633689, 1
CON western_SnT Hor,-4.359305677409449, 1
CON korean 125,-4.36, 2
CON western Tuc,-4.36, 2
CON arabic_ancient 2005,-4.36, 1
CON chinese 095,-4.36, 1
CON chinese 192,-4.36, 1
CON chinese 045,-4.37, 1
CON tukano 008,-4.371460075441546, 1
CON korean 004,-4.38, 1
CON korean 234,-4.38, 1
CON ruelle CarPupVel,-4.380177385931125, 1
CON western_rey Ind,-4.383064996918877, 1
CON ruelle Eri,-4.383124388901233, 1
CON indian N05,-4.39, 1
CON korean 166,-4.39, 1
CON korean 172,-4.39, 2
CON western Ind,-4.39, 2
CON western_hlad Sge,-4.39, 3
CON ruelle Sge,-4.39, 1
CON chinese 034,-4.39, 1
CON navajo 004,-4.390677857889291, 1
CON western_hlad Ind,-4.4, 1
CON chinese 046,-4.4045279099276335, 1
CON arabic_al-sufi And,-4.405578566142647, 1
CON korean 198,-4.405851608168682, 1
CON western Scl,-4.41, 2
CON western_rey Cen,-4.412407182509328, 1
CON arabic_al-sufi Ser,-4.417455422611622, 1
CON korean 019,-4.42, 1
CON chinese 033,-4.422176499845123, 1
CON western_hlad Hor,-4.429460873865798, 1
CON indian N23,-4.43, 1
CON macedonian 010,-4.43, 1
CON macedonian 015,-4.43, 1
CON korean 053,-4.43, 1
CON arabic_ancient 2399,-4.43, 1
CON romanian Pmi,-4.43, 1
CON romanian Ber,-4.434171638580823, 1
CON anutan 009,-4.438131825031401, 1
CON arabic_al-sufi Peg,-4.4385302490541365, 1
CON western_rey Cae,-4.44, 1
CON chinese 051,-4.44, 1
CON western_SnT Cen,-4.4417198367613375, 1
CON macedonian 013,-4.45, 1
CON western For,-4.45, 2
CON chinese 212,-4.450204329818941, 1
CON chinese 135,-4.451396140071414, 1
CON korean 014,-4.47, 2
CON egyptian 014,-4.4783614858171426, 1
CON western Cir,-4.48, 5
CON western_rey Sex,-4.48, 1
CON chinese 066,-4.48, 1
CON western_rey Cha,-4.483339990190736, 1
CON korean 167,-4.486370730030369, 1
CON arabic_ancient 0999,-4.497059957063799, 1
CON ruelle Leo,-4.498176605287358, 1
CON korean 007,-4.5, 2
CON korean 205,-4.5, 2
CON western Pic,-4.5, 4
CON western_rey Pic,-4.5, 1
CON egyptian 007,-4.502713246312244, 1
CON western_hlad Del,-4.50557539938619, 1
CON western Hya,-4.514156579203613, 2
CON western_SnT Tel,-4.52, 1
CON western_rey Boop,-4.53, 1
CON western_SnT Psc,-4.534055291592747, 1
CON arabic_ancient 4199,-4.536118859110248, 1
CON boorong Wjl,-4.537408255474193, 1
CON indian N16,-4.54, 1
CON korean 018,-4.54, 2
CON western LMi,-4.54, 2
CON western_hlad LMi,-4.54, 1
CON japanese_moon_stations 03,-4.54, 1
CON romanian Sar,-4.555926701118716, 1
CON korean 204,-4.56, 2
CON western Ret,-4.56, 5
CON chinese 054,-4.56, 1
CON chinese 208,-4.560611599016785, 1
CON navajo 001,-4.568213333170189, 1
CON belarusian 003,-4.569876576507091, 1
CON korean 242,-4.57, 1
CON western_SnT Vul,-4.57, 1
CON tukano 004,-4.571860233662424, 1
CON korean 087,-4.58, 1
CON arabic_ancient 2501,-4.58, 2
CON arabic_ancient 2599,-4.58, 1
CON chinese 248,-4.58, 1
CON western_rey PsA,-4.584554321442488, 2
CON ruelle Aql2,-4.584761427974644, 1
CON arabic_al-sufi Lep,-4.58834851501533, 1
CON indian N28,-4.59, 1
CON korean 030,-4.59, 1
CON western_hlad Scl,-4.59, 1
CON western_SnT Scl,-4.59, 1
CON korean 216,-4.590176331334335, 1
CON korean 008,-4.6, 2
CON western_hlad Ant,-4.6, 2
CON arabic_al-sufi Dra,-4.606033399250469, 1
CON tupi 002,-4.6098272297563945, 1
CON korean 157,-4.61, 1
CON anutan 010,-4.612889771246401, 1
CON boorong Tbg,-4.618913428789844, 1
CON japanese_moon_stations 26,-4.619265131246051, 1
CON korean 194,-4.62, 1
CON korean 195,-4.62, 1
CON ruelle Dra,-4.620234869439837, 1
CON western_hlad Vol,-4.6268543203329795, 1
CON western Pup,-4.63253545334845, 2
CON western Sgr,-4.639676773501595, 2
CON korean 244,-4.64, 2
CON korean 255,-4.64, 1
CON chinese 052,-4.64, 1
CON western Cam,-4.64587123357291, 2
CON indian N02,-4.65, 2
CON arabic_arabian_peninsula 2603,-4.65, 6
CON korean 049,-4.66, 2
CON western Vul,-4.66, 3
CON romanian Rac,-4.66, 2
CON arabic_al-sufi Crt,-4.66999889036968, 1
CON korean 052,-4.67, 3
CON western_hlad Sct,-4.67, 1
CON chinese 294,-4.67, 1
CON siberian Kic,-4.673147976909378, 1
CON ruelle PsA,-4.673590733972302, 1
CON arabic_al-sufi Gem,-4.675454662582791, 1
CON korean 057,-4.677701605187824, 1
CON korean 200,-4.68, 1
CON western_hlad Aps,-4.68, 2
CON western_hlad For,-4.68, 2
CON western_rey Aps,-4.68, 1
CON chinese 105,-4.68, 1
CON egyptian 017,-4.681422296789154, 1
CON arabic_al-sufi Lyr,-4.681568915327919, 1
CON arabic_ancient 0299,-4.684869781848655, 2
CON arabic_al-sufi Lup,-4.689607728478818, 1
CON arabic_ancient 6199,-4.693596798339812, 1
CON korean 070,-4.7, 2
CON korean 239,-4.7, 1
CON western_rey Sct,-4.7, 2
CON western_rey Equ,-4.7, 2
CON korean 133,-4.72, 1
CON korean 263,-4.72, 1
CON arabic_al-sufi CMa,-4.721207385912151, 1
CON ruelle Tuc,-4.724730589772621, 1
CON arabic_al-sufi SFB,-4.728684141037268, 1
CON arabic_arabian_peninsula 3299,-4.73, 3
CON korean 164,-4.73, 1
CON western_hlad Nor,-4.73, 3
CON chinese 209,-4.733417922702847, 1
CON chinese 253,-4.734342010176439, 1
CON arabic_al-sufi Cyg,-4.73886860975441, 1
CON korean 083,-4.74, 1
CON arabic_ancient 3699,-4.74, 2
CON korean 231,-4.75, 1
CON chinese 058,-4.75, 1
CON chinese 174,-4.75, 1
CON chinese 309,-4.75, 1
CON arabic_al-sufi Sgr,-4.752004026979635, 1
CON western PsA,-4.75495273041391, 2
CON arabic_al-sufi Crv,-4.756147350333583, 1
CON western_hlad Vul,-4.76, 1
CON chinese 076,-4.76, 1
CON chinese 274,-4.76, 1
CON arabic_ancient 2699,-4.761168219672907, 1
CON arabic_ancient 1999,-4.766136154332707, 2
CON western Peg,-4.767237689884892, 2
CON arabic_arabian_peninsula 3199,-4.77, 3
CON korean 211,-4.77, 1
CON korean 129,-4.772953353300194, 1
CON chinese 296,-4.776876305909413, 1
CON book-of-the-stars-almagest SFA,-4.778288717275653, 1
CON korean 034,-4.78, 1
CON korean 080,-4.78, 2
CON korean 043,-4.785767100365653, 1
CON korean 024,-4.79, 1
CON korean 257,-4.79, 1
CON ruelle Vul,-4.79, 1
CON chinese 313,-4.79, 1
CON korean 085,-4.791811847663504, 1
CON western_rey Eri,-4.792659324714899, 1
CON chinese 134,-4.797245150328225, 1
CON korean 143,-4.799561850442385, 1
CON arabic_arabian_peninsula 3499,-4.8, 3
CON korean 082,-4.8, 1
CON korean 152,-4.8, 2
CON arabic_ancient 4099,-4.8, 2
CON arabic_ancient 4399,-4.8, 1
CON chinese 072,-4.8, 1
CON korean 120,-4.804044769854006, 1
CON chinese 125,-4.804355593731152, 1
CON western_rey Ari,-4.807582697901746, 1
CON korean 010,-4.81, 3
CON western_rey Virf,-4.81, 1
CON chinese 109,-4.81, 1
CON chinese 195,-4.81, 1
CON western_hlad Eri,-4.8126593247148985, 1
CON western_rey Ophb,-4.82, 1
CON chinese 140,-4.82, 1
CON chinese 145,-4.82, 1
CON korean 064,-4.82365309344077, 1
CON chinese 182,-4.83, 1
CON western_rey Peg,-4.837042584741587, 1
CON arabic_ancient 2703,-4.839095034129317, 1
CON arabic_ancient 2799,-4.839095034129317, 1
CON korean 208,-4.84, 2
CON korean 212,-4.84, 1
CON korean 266,-4.84, 1
CON arabic_al-sufi Tri,-4.84, 1
CON chinese 086,-4.84, 1
CON western Sct,-4.847567990193008, 2
CON arabic_ancient 4299,-4.850678345652225, 2
CON arabic_arabian_peninsula 3005,-4.856336989460384, 3
CON arabic_ancient 3799,-4.86, 2
CON western_rey DraH,-4.86, 1
CON chinese 158,-4.86, 1
CON arabic_al-sufi Hya,-4.860232957174313, 1
CON chinese 255,-4.87548727731017, 1
CON korean 044,-4.88, 1
CON chinese 306,-4.88, 1
CON chinese 311,-4.88, 1
CON korean 051,-4.89, 1
CON korean 069,-4.89, 1
CON korean 121,-4.89, 1
CON korean 156,-4.89, 1
CON western Mic,-4.89, 2
CON arabic_ancient 0799,-4.89, 2
CON western_rey Mic,-4.89, 1
CON tukano 002,-4.891564167946828, 1
CON korean 186,-4.905088212408624, 1
CON western_hlad Psc,-4.909290897389613, 1
CON chinese 068,-4.91, 1
CON arabic_al-sufi Lib,-4.915850044609209, 1
CON ruelle Cnc,-4.919480822756409, 1
CON korean 002,-4.92, 2
CON korean 061,-4.92, 1
CON boorong Wkr,-4.92, 1
CON arabic_arabian_peninsula 2550,-4.920230723480781, 3
CON arabic_ancient 2506,-4.920230723480781, 1
CON western_rey Vol,-4.922911541385803, 1
CON korean 191,-4.924567621309821, 1
CON korean 190,-4.9284033623715695, 1
CON korean 139,-4.93, 1
CON chinese 131,-4.93, 1
CON western_rey Psc,-4.930095741055128, 1
CON chinese 094,-4.9313222330038275, 1
CON ruelle Oph,-4.932390237132316, 1
CON korean 006,-4.94, 1
CON arabic_arabian_peninsula 4299,-4.947905855399074, 1
CON lokono 006,-4.948612064653836, 1
CON korean 106,-4.948941073791479, 1
CON korean 031,-4.95, 1
CON korean 067,-4.95, 1
CON korean 222,-4.95, 1
CON western Nor,-4.95, 2
CON chinese 147,-4.95, 1
CON chinese 250,-4.96, 1
CON chinese 257,-4.96, 1
CON arabic_al-sufi Tau,-4.961302539396278, 1
CON arabic_al-sufi CrA,-4.961329950064419, 1
CON korean 210,-4.97, 2
CON arabic_ancient 1901,-4.97, 2
CON boorong Djt,-4.97, 1
CON tupi 004,-4.978926695897998, 1
CON arabic_ancient 4203,-4.98, 1
CON chinese 069,-4.98, 1
CON chinese 141,-4.98, 1
CON chinese 149,-4.99, 1
CON tukano 001,-4.99525055825882, 1
CON arabic_ancient 2008,-4.996935209352998, 1
CON ruelle Vir,-4.998911519169603, 1
CON western_rey Cygn,-5.0, 1
CON chinese 201,-5.0, 1
CON korean 103,-5.00829316807144, 1
CON korean 223,-5.01, 1
CON western Mon,-5.019640135521547, 2
CON chinese 085,-5.02, 1
CON western_rey Cenf,-5.03, 1
CON chinese 163,-5.03, 1
CON chinese 118,-5.030667126458436, 1
CON chinese 030,-5.034224266484397, 1
CON chinese 210,-5.035335380822836, 1
CON korean 005,-5.04, 2
CON western_rey Cenb,-5.04, 1
CON chinese 284,-5.042361098087879, 1
CON arabic_ancient 1099,-5.051880110431862, 1
CON boorong Tot,-5.052310381531727, 1
CON korean 048,-5.06, 1
CON korean 180,-5.06, 1
CON chinese 226,-5.06, 1
CON chinese 316,-5.06961303989725, 1
CON korean 096,-5.07, 1
CON western Cae,-5.07, 2
CON arabic_ancient 0601,-5.07, 1
CON western_hlad Cae,-5.07, 2
CON arabic_al-sufi Aqr,-5.070609482305236, 1
CON arabic_al-sufi Ori,-5.076606493651652, 1
CON chinese 231,-5.079324546768724, 1
CON western Sex,-5.08, 2
CON western_hlad Sex,-5.08, 1
CON japanese_moon_stations 09,-5.08, 1
CON western_rey Men,-5.08, 1
CON chinese 224,-5.08, 1
CON tupi 006,-5.083348347468214, 1
CON romanian Chi,-5.0848478842023805, 1
CON japanese_moon_stations 27,-5.08825350023873, 1
CON western Sge,-5.09, 2
CON korean 199,-5.090873642637332, 1
CON korean 261,-5.095232559395069, 1
CON chinese 075,-5.098162628204692, 1
CON arabic_arabian_peninsula 3399,-5.1, 3
CON korean 072,-5.1, 1
CON chinese 249,-5.1, 1
CON korean 068,-5.11, 1
CON korean 184,-5.11, 1
CON western_hlad Gru,-5.11, 1
CON chinese 074,-5.11, 1
CON korean 136,-5.110963195038612, 1
CON korean 045,-5.12, 1
CON chinese 115,-5.12, 1
CON korean 146,-5.122511062019569, 1
CON western Psc,-5.1236162846169755, 1
CON korean 142,-5.125930414227616, 1
CON tukano 006,-5.1270904520310925, 1
CON korean 150,-5.13, 1
CON western Cnc,-5.13, 2
CON hawaiian_starlines IWI,-5.14, 1
CON korean 029,-5.14, 1
CON korean 119,-5.14, 2
CON korean 123,-5.14, 2
CON ruelle Cam,-5.14, 1
CON western_rey Carh,-5.14, 1
CON chinese 061,-5.14, 1
CON chinese 176,-5.14, 1
CON chinese 199,-5.14, 1
CON arabic_al-sufi Boo,-5.140415682440129, 1
CON arabic_al-sufi Leo,-5.140904516502648, 1
CON arabic_al-sufi UMa,-5.144565848927447, 1
CON korean 110,-5.1447186140675925, 1
CON korean 065,-5.15, 2
CON korean 221,-5.15, 1
CON chinese 178,-5.15, 1
CON chinese 240,-5.1522780219074775, 1
CON arabic_al-sufi Aql,-5.1557463073480365, 1
CON chinese 015,-5.159859704096286, 1
CON western Equ,-5.16, 4
CON arabic_ancient 1599,-5.16, 1
CON chinese 233,-5.16, 1
CON chinese 315,-5.161510082860408, 1
CON arabic_al-sufi Ari,-5.168401556220539, 1
CON korean 016,-5.17209645514961, 1
CON western_hlad Men,-5.18, 1
CON chinese 188,-5.18, 1
CON chinese 027,-5.189887781745087, 1
CON korean 001,-5.19, 1
CON western_SnT Sex,-5.19, 1
CON chinese 043,-5.190018766582319, 1
CON korean 248,-5.1911935642154425, 1
CON korean 147,-5.2, 1
CON korean 193,-5.2, 1
CON western_hlad Lyn,-5.2, 1
CON chinese 056,-5.2, 1
CON chinese 256,-5.2, 1
CON indian N27,-5.21, 1
CON western Hor,-5.21, 2
CON ruelle Psc,-5.21, 1
CON korean 131,-5.22, 1
CON korean 144,-5.220105823508197, 1
CON western Ant,-5.23, 2
CON chinese 215,-5.2367109753824135, 1
CON arabic_al-sufi Her,-5.237345881600368, 1
CON chinese 206,-5.247294417632814, 1
CON korean 264,-5.25, 1
CON chinese 111,-5.25, 1
CON chinese 193,-5.25, 1
CON chinese 037,-5.25233541583267, 1
CON korean 206,-5.26, 2
CON chinese 180,-5.26, 1
CON arabic_al-sufi PsA,-5.262502675331458, 1
CON western_hlad Peg,-5.2639324896654465, 1
CON korean 160,-5.27, 1
CON chinese 223,-5.27, 1
CON chinese 230,-5.27, 1
CON arabic_al-sufi Cen,-5.271411044651602, 1
CON arabic_al-sufi Del,-5.277943214106493, 1
CON korean 127,-5.29, 1
CON korean 151,-5.29, 2
CON arabic_ancient 5899,-5.29, 1
CON western_rey Leoh,-5.29, 1
CON western_rey Com,-5.29, 1
CON chinese 079,-5.29, 1
CON chinese 173,-5.29, 1
CON western_rey Ophf1,-5.3, 1
CON western_SnT Men,-5.3, 1
CON arabic_al-sufi SHr,-5.308001293925358, 1
CON korean 262,-5.32, 1
CON egyptian 020,-5.32, 1
CON indian N08,-5.33, 1
CON korean 176,-5.33, 2
CON chinese 007,-5.33, 1
CON chinese 071,-5.33, 1
CON boorong War,-5.330300942789652, 1
CON korean 162,-5.34, 1
CON chinese 191,-5.34, 1
CON chinese 169,-5.35, 1
CON arabic_ancient 1399,-5.3523099841538215, 1
CON korean 182,-5.36, 1
CON western_rey Virh,-5.36, 1
CON chinese 073,-5.36, 1
CON boorong Bbg,-5.36, 1
CON korean 076,-5.37, 1
CON korean 224,-5.37, 1
CON korean 233,-5.37, 1
CON korean 084,-5.38, 1
CON tongan 008,-5.38, 1
CON korean 259,-5.38940277048695, 1
CON korean 089,-5.39, 1
CON chinese 139,-5.39, 1
CON korean 058,-5.390917317402177, 1
CON korean 272,-5.394417053561157, 1
CON chinese 132,-5.398798677033819, 1
CON korean 015,-5.4, 1
CON western_rey Aqlt,-5.4, 1
CON chinese 120,-5.4, 1
CON chinese 308,-5.4, 1
CON korean 111,-5.400168050735905, 1
CON arabic_al-sufi Ara,-5.4051007766659165, 1
CON chinese 246,-5.41, 1
CON chinese 271,-5.41, 1
CON korean 098,-5.42, 1
CON korean 175,-5.42, 1
CON western_rey Cenl,-5.42, 1
CON western_rey Del,-5.424852982667258, 1
CON arabic_ancient 2099,-5.425480944097306, 1
CON tupi 003,-5.428052003499273, 1
CON korean 243,-5.43, 2
CON korean 258,-5.43, 1
CON chinese 129,-5.43, 1
CON chinese 152,-5.43, 1
CON korean 230,-5.430130216171741, 1
CON korean 041,-5.44, 1
CON chinese 172,-5.44, 1
CON chinese 242,-5.440969298309517, 1
CON hawaiian_starlines MAK,-5.45, 1
CON western_rey Tauc2,-5.46, 1
CON chinese 185,-5.46, 1
CON western Lup,-5.476050833880355, 2
CON chinese 098,-5.48, 1
CON chinese 184,-5.49, 1
CON chinese 297,-5.49, 1
CON romanian Var,-5.490198873417718, 1
CON korean 056,-5.51, 1
CON indian N03,-5.5138395304497685, 1
CON korean 140,-5.52, 1
CON western_rey Booh,-5.52, 1
CON chinese 200,-5.52, 1
CON western Vir,-5.521886141949405, 2
CON boorong Nln,-5.525072704988041, 1
CON korean 128,-5.53, 1
CON korean 207,-5.53, 1
CON western Men,-5.53, 2
CON chinese 254,-5.531843746774446, 1
CON arabic_al-sufi Vir,-5.531883421531273, 1
CON western_rey Leot,-5.54, 1
CON arabic_al-sufi Eri,-5.540014614183126, 1
CON chinese_contemporary Psc,-5.543616284616975, 1
CON arabic_al-sufi Cap,-5.5449746917207285, 1
CON korean 238,-5.546145923139971, 1
CON korean 066,-5.55, 1
CON japanese_moon_stations 10,-5.55, 1
CON western_rey Colw,-5.55, 1
CON chinese 207,-5.55, 1
CON romanian Vir,-5.562335149258162, 1
CON korean 073,-5.57, 1
CON korean 036,-5.58, 1
CON korean 113,-5.58, 1
CON arabic_ancient 2003,-5.6, 1
CON arabic_ancient 2004,-5.6, 1
CON western_rey Aqlw1,-5.6, 1
CON chinese 259,-5.6, 1
CON chinese 261,-5.6, 1
CON arabic_al-sufi Aur,-5.602930505740958, 1
CON chinese 157,-5.603456755706815, 1
CON western_hlad CVn,-5.61, 1
CON romanian Prb,-5.62, 1
CON western_rey Opha2,-5.63, 1
CON chinese 196,-5.63, 1
CON chinese 228,-5.639978577282838, 1
CON korean 209,-5.65, 1
CON arabic_al-sufi Psc,-5.652399753991311, 1
CON tukano 009,-5.655759848361955, 1
CON korean 054,-5.664970203975081, 1
CON romanian Tau,-5.669827229756395, 2
CON chinese 216,-5.67, 1
CON arabic_al-sufi Cet,-5.677869675425928, 1
CON boorong Pur,-5.689891627161731, 1
CON korean 078,-5.69, 1
CON korean 134,-5.69, 1
CON chinese 055,-5.69, 1
CON chinese 016,-5.6941191000026965, 1
CON arabic_ancient 2811,-5.694364324410614, 1
CON chinese 153,-5.72, 1
CON korean 060,-5.74, 1
CON western_SnT Cet,-5.743594916321179, 1
CON chinese 070,-5.75, 1
CON chinese 049,-5.7583568359093205, 1
CON korean 003,-5.76, 1
CON romanian Omu,-5.761913483356416, 1
CON navajo 008,-5.765903520039776, 1
CON western_hlad Cep,-5.779617471177711, 1
CON tukano 003,-5.78818706715984, 1
CON korean 059,-5.79, 1
CON chinese 114,-5.79, 1
CON western_rey Cet,-5.795883136139702, 1
CON western Cet,-5.7976789176713455, 2
CON chinese 267,-5.8, 1
CON chinese 198,-5.81, 1
CON navajo 002,-5.813228393595935, 1
CON western_rey Colt,-5.82, 1
CON korean 091,-5.822858483894909, 1
CON korean 245,-5.83, 1
CON korean 260,-5.83, 1
CON chinese 116,-5.83, 1
CON chinese 302,-5.83, 1
CON chinese 318,-5.832187372619209, 1
CON chinese 012,-5.8396435190529035, 1
CON western_rey Scot,-5.84, 1
CON boorong Krk,-5.84, 1
CON tupi 001,-5.845825483056555, 1
CON chinese 203,-5.85, 1
CON western_rey Hyat,-5.86, 1
CON western_rey Scoc,-5.86, 1
CON chinese 101,-5.87, 1
CON korean 217,-5.88, 1
CON western_rey Cena1,-5.88, 1
CON chinese 275,-5.88523202340193, 1
CON korean 189,-5.887566383884389, 1
CON western_rey Aqlh,-5.89, 1
CON tukano 005,-5.89425853661795, 1
CON western_rey Boob,-5.9, 1
CON chinese 190,-5.9, 1
CON arabic_al-sufi Per,-5.901390135170471, 1
CON lokono 007,-5.903150720710707, 1
CON chinese 102,-5.91, 1
CON chinese 143,-5.91, 1
CON chinese 247,-5.91, 1
CON korean 271,-5.92, 1
CON chinese 088,-5.92, 1
CON western_rey Cenh,-5.93, 1
CON macedonian 014,-5.94, 1
CON chinese 235,-5.94, 1
CON egyptian 005,-5.949520218452177, 1
CON arabic_ancient 6099,-5.954574736107821, 1
CON ruelle Cet,-5.954845440702195, 1
CON western_rey Sgrh,-5.96, 1
CON arabic_al-sufi Oph,-5.975295699586603, 1
CON western_rey Scoe,-5.98, 1
CON macedonian 005,-5.9864257466410296, 1
CON korean 135,-5.99, 1
CON korean 213,-5.99, 1
CON korean 240,-5.99, 1
CON chinese 017,-5.99, 1
CON chinese 272,-5.99, 1
CON chinese 270,-6.0, 1
CON chinese 289,-6.0, 1
CON tongan 007,-6.04656986793795, 1
CON western_SnT Mic,-6.06, 1
CON korean 218,-6.07, 1
CON korean 047,-6.09, 1
CON western_hlad Cet,-6.1165938043677155, 1
CON chinese 038,-6.12, 1
CON western_rey Cena2,-6.14, 1
CON chinese 130,-6.14347280193754, 1
CON chinese 225,-6.15, 1
CON northern_andes 003,-6.156528483949828, 1
CON aztec 002,-6.204487541904799, 1
CON western_rey Cygw2,-6.21, 1
CON boorong Lnk,-6.211296911271247, 1
CON chinese 064,-6.23, 1
CON western_rey SerHh,-6.26, 1
CON boorong Ydk,-6.265306050660215, 1
CON western_rey Taut,-6.29, 1
CON macedonian 012,-6.3, 1
CON chinese 189,-6.3, 1
CON arabic_ancient 1903,-6.31, 2
CON chinese 277,-6.31, 1
CON korean 203,-6.32, 1
CON western_rey Pegh,-6.33, 1
CON western_rey PscW,-6.33, 1
CON western_rey Pupt,-6.34, 1
CON chinese 053,-6.34, 1
CON western_rey Hyah,-6.35, 1
CON chinese 286,-6.3590400637128965, 1
CON chinese 273,-6.38, 1
CON korean 177,-6.39, 1
CON korean 241,-6.39, 1
CON chinese 036,-6.39, 1
CON chinese 278,-6.399525797193181, 1
CON arabic_ancient 2006,-6.4, 1
CON western_rey Lupe,-6.41, 1
CON chinese 175,-6.42, 1
CON arabic_ancient 2899,-6.445348169122592, 1
CON chinese 236,-6.4661784770567206, 1
CON boorong Bun,-6.469669403148451, 1
CON egyptian 011,-6.4821689954703885, 1
CON boorong Cwr,-6.485431131730049, 1
CON macedonian 011,-6.49, 1
CON chinese 035,-6.49, 1
CON chinese 219,-6.51, 1
CON chinese 268,-6.51, 1
CON chinese 137,-6.52, 1
CON western_rey Ori,-6.524453440395922, 1
CON macedonian 009,-6.54, 1
CON western_rey Oric,-6.54, 1
CON chinese 154,-6.55, 1
CON chinese 220,-6.566230812261017, 1
CON western_hlad Cnc,-6.58, 1
CON chinese 287,-6.608825701682208, 1
CON arabic_arabian_peninsula 2810,-6.61, 3
CON chinese 117,-6.61, 1
CON chinese 292,-6.61, 1
CON chinese 241,-6.62, 1
CON chinese 229,-6.64, 1
CON chinese 197,-6.66, 1
CON western_rey Pegw,-6.67, 1
CON korean 027,-6.68, 1
CON egyptian 010,-6.682976952576672, 1
CON belarusian 012,-6.69, 1
CON chinese 029,-6.71156855933341, 1
CON western_rey Arih,-6.74, 1
CON chinese 186,-6.74, 1
CON romanian Psc,-6.748007772806548, 1
CON boorong Unu,-6.749923404515188, 1
CON western_rey Oris,-6.77, 1
CON chinese 258,-6.77, 1
CON western_rey Tauc1,-6.79, 1
CON japanese_moon_stations 08,-6.7950483378686775, 1
CON western_rey Cyg,-6.8372645426575875, 1
CON arabic_ancient 2499,-6.85, 1
CON western_rey PscN,-6.86, 1
CON chinese 181,-6.86, 1
CON lokono 012,-6.863589455184508, 1
CON western_rey Colh,-6.87, 1
CON chinese 080,-6.872208733532776, 1
CON arabic_ancient 1299,-6.88, 1
CON chinese 295,-6.88, 1
CON japanese_moon_stations 19,-6.9, 1
CON chinese 104,-6.9, 1
CON chinese 237,-6.91, 1
CON western_rey Crvt,-6.93, 1
CON chinese 276,-6.94, 1
CON northern_andes 001,-6.943174803217689, 1
CON western_rey Cygw1,-6.95, 1
CON chinese 127,-6.95, 1
CON boorong Otc,-6.979527913778565, 1
CON western_rey Aqlw2,-7.06, 1
CON western_rey Ophh,-7.09, 1
CON western_rey Arit,-7.14, 1
CON chinese 067,-7.179919734691791, 1
CON boorong Kul,-7.196404003184223, 1
CON western_rey UMah,-7.23, 1
CON western_rey Tauh,-7.35, 1
CON chinese 090,-7.35, 1
CON western_rey Pegt,-7.38, 1
CON chinese 290,-7.39, 1
CON western_rey Andc,-7.43, 1
CON western_rey Sgrs,-7.46, 1
CON western_rey Lupt,-7.47, 1
CON egyptian 028,-7.47, 1
CON western_rey Aqra,-7.49, 1
CON western_rey Crvb,-7.52, 1
CON chinese 214,-7.52, 1
CON chinese 285,-7.57, 1
CON arabic_arabian_peninsula 2803,-7.58, 3
CON western_rey Orib,-7.61, 1
CON arabic_arabian_peninsula 4201,-7.64, 3
CON chinese 057,-7.674747083211295, 1
CON western_rey Volw1,-7.74, 1
CON western_rey Herc,-7.77, 1
CON arabic_al-sufi Sge,-7.79, 1
CON egyptian 016,-7.817897499213508, 1
CON western_rey Cygf,-7.82, 1
CON western_rey Aqrv,-7.86, 1
CON boorong Ktc,-7.87116331133922, 1
CON western_rey Cett,-7.88, 1
CON western_rey Sgrb,-7.9, 1
CON western_rey Volw2,-7.98, 1
CON arabic_arabian_peninsula 2604,-8.0, 3
CON egyptian 006,-8.006470169610358, 1
CON northern_andes 002,-8.044663282521945, 1
CON navajo 003,-8.053731633894271, 1
CON western_rey Herk,-8.13, 1
CON indian N26,-8.31, 1
CON western_rey Aqrh,-8.54, 1
CON western_rey Crvf,-8.84, 1
CON macedonian 008,-8.9, 1
CON northern_andes 004,-9.476218645065781, 1
