Constellation, Average Magnitude, Same Constellations Accross Cultures 
CON korean 168,-1.44, 2
CON korean 174,-0.62, 2
CON bugis 010,-0.5533333333333333, 1
CON macedonian 007,-0.52, 1
CON indian N15,-0.05, 4
CON sami 006,0.03, 2
CON belarusian 006,0.08, 1
CON hawaiian_starlines NAK,0.3, 5
CON anutan 003,0.395, 1
CON sami 009,0.4, 1
CON indian N06,0.45, 1
CON chinese 144,0.61, 1
CON mongolian 004,0.68, 1
CON sami 007,0.76, 1
CON indian N04,0.87, 2
CON egyptian 024,0.9675, 1
CON indian N14,0.98, 1
CON inuit 002,1.045, 1
CON arabic_arabian_peninsula 4213,1.085, 1
CON hawaiian_starlines KOM,1.0936363636363637, 1
CON chinese 151,1.1400000000000001, 1
CON anutan 011,1.1666666666666667, 1
CON korean 092,1.17, 2
CON inuit 004,1.18, 1
CON korean 023,1.26, 1
CON inuit 007,1.3150000000000002, 1
CON japanese_moon_stations 21,1.325, 1
CON indian N10,1.36, 1
#CON indian N07,1.37, 7
CON sami 010,1.37, 1
CON hawaiian_starlines KHK,1.4314285714285713, 1
CON korean 149,1.4314285714285713, 2
CON romanian Sfm,1.4649999999999999, 1
CON egyptian 023,1.4933333333333334, 1
CON romanian Rar,1.595, 1
CON bugis 008,1.595, 1
CON tukano 010,1.6, 2
CON hawaiian_starlines HAN,1.6, 10
#CON ruelle Cru,1.6, 1
CON arabic_ancient 5799,1.605, 2
#CON arabic_arabian_peninsula 2801,1.645, 11
CON arabic_arabian_peninsula 4501,1.665, 1
CON sardinian 004,1.6742857142857144, 2
CON western_hlad Ori,1.67625, 1
CON inuit 001,1.7400000000000002, 1
CON bugis 011,1.75, 1
CON korean 130,1.794, 2
CON chinese 266,1.794, 1
CON mandar 001,1.796, 1
CON hawaiian_starlines NAV,1.8085714285714285, 1
CON romanian Cma,1.8333333333333333, 1
#CON arabic_arabian_peninsula 4202,1.8933333333333333, 15
CON arabic_ancient 5699,1.9, 2
CON macedonian 004,1.97, 1
CON sami 004,1.97, 2
CON korean 169,1.98, 1
CON egyptian 009,1.98, 1
CON western_hlad Aur,2.0, 1
CON hawaiian_starlines IWI,2.02875, 1
CON korean 107,2.04, 2
CON western_rey UMaP,2.075, 2
CON korean 253,2.08, 2
CON bugis 001,2.086, 1
CON western Aur,2.11, 4
CON western_rey CruF,2.1175, 2
CON egyptian 025,2.1175, 1
CON indian N12,2.14, 1
CON arabic_arabian_peninsula 4299,2.142222222222222, 1
CON chinese 048,2.15, 1
CON arabic_arabian_peninsula 2906,2.16, 4
CON ruelle Cen,2.1709090909090913, 1
CON japanese_moon_stations 01,2.1799999999999997, 2
CON western_hlad CMa,2.19125, 1
CON western_hlad Car,2.19125, 1
CON korean 012,2.1950000000000003, 1
CON inuit 005,2.223333333333333, 1
CON chinese 227,2.23, 2
CON tukano 011,2.245714285714286, 6
#CON macedonian 001,2.245714285714286, 11
CON sami 002,2.245714285714286, 1
CON egyptian 008,2.25, 1
CON indian N20,2.255, 1
CON indian N18,2.26, 4
CON ruelle Gru,2.2666666666666666, 1
CON belarusian 020,2.28, 1
CON korean 021,2.3, 1
CON korean 158,2.3000000000000003, 2
CON arabic_ancient 4599,2.3020000000000005, 1
CON bugis 005,2.314, 1
CON indian N21,2.325, 1
CON arabic_arabian_peninsula 2602,2.325, 3
CON macedonian 019,2.3325, 1
CON korean 181,2.335, 1
CON arabic_ancient 5399,2.3507692307692305, 1
CON macedonian 018,2.374, 3
CON bugis 006,2.379, 1
CON sami 001,2.3879999999999995, 1
#CON indian N22,2.3966666666666665, 7
CON macedonian 003,2.4, 1
CON navajo 007,2.425, 1
CON ruelle CMa,2.4322222222222227, 1
CON bugis 002,2.433333333333333, 1
CON egyptian 013,2.436363636363637, 1
CON arabic_arabian_peninsula 2504,2.45, 6
CON tukano 008,2.4528571428571433, 1
CON western_rey GSq,2.4575, 2
CON blackfoot 001,2.46375, 1
CON indian N25,2.465, 6
CON romanian Jgb,2.467142857142857, 1
CON western_hlad Cen,2.47, 1
CON macedonian 006,2.495, 1
CON romanian C3i,2.495, 1
CON korean 171,2.5, 1
CON western_SnT Aur,2.51, 1
CON arabic_ancient 5599,2.525, 2
CON arabic_arabian_peninsula 0100,2.535, 4
#CON arabic_arabian_peninsula 300,2.536, 10
CON arabic_ancient 2001,2.536, 1
CON western Tra,2.5366666666666666, 5
CON korean 165,2.54, 1
CON arabic_arabian_peninsula 2999,2.560625, 3
CON arabic_arabian_peninsula 2805,2.57, 3
CON hawaiian_starlines LUP,2.572222222222222, 1
CON indian N17,2.58, 4
CON romanian Gem,2.587142857142857, 1
CON boorong Wpl,2.592, 1
CON western Sco,2.5992307692307692, 3
CON chinese 244,2.616, 1
CON western_rey Aur,2.6175, 1
CON ruelle Sco,2.618666666666667, 1
CON hawaiian_starlines MAN,2.6207142857142856, 1
CON arabic_al-sufi Sco,2.626, 1
CON sardinian 009,2.6266666666666665, 1
CON arabic_arabian_peninsula 4206,2.64, 3
CON korean 038,2.643333333333333, 2
CON korean 040,2.6475, 2
CON arabic_ancient 3001,2.6475, 3
CON western_SnT CMa,2.6710000000000003, 1
CON arabic_arabian_peninsula 2901,2.6799999999999997, 3
CON inuit 010,2.69, 1
CON indian N19,2.7055555555555557, 1
CON mandar 005,2.7099999999999995, 1
CON boorong Wrn,2.72, 1
CON arabic_arabian_peninsula 3099,2.727777777777778, 3
CON mandar 003,2.73, 1
CON bugis 003,2.73, 1
CON siberian Kic,2.734, 1
CON ruelle Ori,2.734666666666667, 1
CON maori 006,2.735555555555555, 1
CON western_SnT Sco,2.7427777777777775, 1
CON western Cen,2.7517647058823527, 2
CON western_hlad Sco,2.7525, 1
CON anutan 005,2.7533333333333334, 1
CON ruelle Lyr,2.755, 1
CON western_hlad Vel,2.7550000000000003, 2
CON chinese 149,2.7600000000000002, 1
CON mandar 002,2.761176470588235, 1
CON maori 004,2.7633333333333336, 1
CON korean 101,2.764, 1
CON western_rey Cas,2.771666666666667, 1
CON korean 254,2.78, 2
CON ruelle Gem,2.78, 1
CON arabic_ancient 3002,2.7849999999999997, 2
CON ruelle Lup,2.7875, 1
CON western_SnT Car,2.793333333333334, 1
CON hawaiian_starlines KAO,2.7955555555555556, 1
CON western Leo,2.7955555555555556, 2
CON western_hlad Leo,2.7955555555555556, 2
CON hawaiian_starlines MEE,2.7975, 4
CON macedonian 015,2.8075, 1
CON arabic_arabian_peninsula 2650,2.81, 1
CON boorong Kts,2.82, 1
CON mandar 004,2.8272727272727276, 1
CON western_hlad Cyg,2.8299999999999996, 1
CON western_hlad Tau,2.834285714285714, 1
CON arabic_ancient 1001,2.84, 1
CON chinese 024,2.843, 1
CON korean 109,2.8433333333333337, 4
CON sami 008,2.85, 1
CON sardinian 007,2.855, 1
CON chinese 146,2.865, 1
CON western_rey Vel,2.8755555555555556, 1
CON ruelle Sgr,2.8760000000000003, 1
CON ruelle CarPupVel,2.876538461538462, 1
CON ruelle Aur,2.8777777777777778, 1
CON chinese 148,2.8779999999999997, 1
CON korean 173,2.885, 1
CON western_hlad Aql,2.8871428571428575, 1
CON ruelle UMa,2.888125, 1
CON korean 196,2.89, 1
CON korean 028,2.9025, 3
CON western_rey Car,2.9066666666666667, 1
CON arabic_ancient 1899,2.9160000000000004, 1
CON chinese 192,2.9166666666666665, 1
CON western Car,2.9173333333333336, 2
CON boorong Djt,2.92, 1
CON western_hlad Pup,2.9214285714285713, 1
CON western_SnT Pup,2.9254545454545453, 1
CON western Boo,2.93, 3
CON western_rey TrA,2.93, 2
CON romanian Sco,2.944545454545455, 1
CON indian N11,2.9450000000000003, 4
CON western Vel,2.948, 2
CON japanese_moon_stations 12,2.9499999999999997, 1
CON arabic_ancient 0699,2.95, 2
CON korean 081,2.9500000000000006, 2
CON chinese 091,2.952, 1
CON western_rey Sco,2.9645, 1
CON korean 046,2.966666666666667, 2
CON korean 137,2.97, 2
CON western_hlad Hyi,2.98, 2
CON western And,2.983333333333333, 3
CON western CMa,2.9859999999999998, 1
CON indian N28,2.986666666666667, 1
CON western_SnT UMa,2.9915789473684207, 1
CON western_rey Uma,2.9915789473684216, 1
CON tupi 002,2.9931818181818177, 1
CON anutan 009,2.9966666666666666, 1
CON korean 227,3.0, 2
CON western Oph,3.001428571428572, 2
CON western_rey CMa,3.005625, 1
CON western UMa,3.006111111111111, 3
CON egyptian 003,3.0090909090909093, 1
CON korean 052,3.013333333333333, 3
CON western_hlad Per,3.0144444444444445, 1
CON arabic_ancient 2005,3.0175, 1
CON chinese_contemporary CMa,3.018125, 1
CON arabic_ancient 2599,3.02125, 1
CON aztec 003,3.023333333333333, 1
CON romanian Pma,3.0244444444444447, 1
CON romanian Tdz,3.0271428571428567, 1
CON western_SnT Sgr,3.033571428571429, 1
CON western Ari,3.035, 4
CON korean 013,3.04, 2
#CON indian N13,3.042, 2
CON ruelle Crv,3.042, 2
CON maori 005,3.0439999999999996, 4
CON tupi 007,3.0439999999999996, 1
CON egyptian 027,3.0475000000000003, 1
CON western_SnT Cyg,3.0540000000000003, 1
CON western Lyr,3.072, 5
CON western_rey Pup,3.0725000000000002, 1
CON northern_andes 005,3.082857142857143, 1
CON anutan 010,3.084444444444445, 1
CON western_hlad Boo,3.0870000000000006, 1
CON western Cyg,3.102, 3
CON korean 062,3.102222222222222, 1
CON macedonian 013,3.106666666666667, 1
CON chinese 044,3.11, 1
CON ruelle Cas,3.1100000000000003, 1
CON western_SnT Cen,3.113809523809524, 1
CON western_hlad Gem,3.1169230769230767, 1
CON chinese 162,3.12, 1
CON ruelle Peg,3.1216666666666666, 1
CON western Aql,3.122222222222222, 2
CON romanian Cat,3.13, 1
CON tukano 007,3.1319999999999997, 3
CON boorong Krk,3.1371428571428575, 1
CON western_hlad UMa,3.139473684210526, 1
CON western Per,3.151818181818182, 3
CON western Cep,3.156, 2
CON chinese 097,3.174444444444445, 1
CON arabic_ancient 2002,3.1766666666666663, 1
CON korean 154,3.185, 2
CON arabic_ancient 4499,3.185, 1
CON arabic_ancient 5099,3.1850000000000005, 1
CON korean 035,3.19, 2
CON western_SnT Lup,3.1933333333333334, 1
CON western Pup,3.204285714285714, 2
CON egyptian 005,3.206153846153846, 1
CON ruelle Col,3.2066666666666666, 1
CON arabic_ancient 2601,3.21, 1
CON anutan 006,3.21, 1
CON western_SnT Peg,3.2107692307692313, 1
CON chinese 232,3.213333333333333, 1
CON ruelle Ari,3.2199999999999998, 1
CON egyptian 012,3.221, 1
CON western_hlad Lib,3.224, 1
CON western_SnT Leo,3.2307692307692304, 1
CON boorong Mar,3.232, 1
CON western_SnT Tau,3.2325000000000004, 1
CON korean 153,3.24, 2
CON western Ori,3.2415789473684207, 2
CON arabic_arabian_peninsula 2804,3.245, 3
CON western_SnT Ori,3.2513636363636356, 1
CON korean 192,3.2516666666666665, 3
CON arabic_ancient 4299,3.2524, 2
CON ruelle Lep,3.252857142857143, 1
CON belarusian 007,3.2533333333333334, 1
CON western Tau,3.254166666666666, 2
CON korean 256,3.255, 2
CON arabic_ancient 0420,3.255, 1
CON chinese 298,3.255, 1
CON western_SnT Hyi,3.255, 1
CON western_hlad Peg,3.2558333333333334, 1
CON western_hlad Vir,3.2577777777777777, 1
CON indian N01,3.26, 1
CON western_SnT Gru,3.262857142857143, 1
CON egyptian 002,3.2655555555555558, 1
CON arabic_ancient 5499,3.2679999999999993, 1
CON arabic_ancient 3599,3.27, 2
CON ruelle Per,3.273636363636364, 1
CON korean 039,3.2800000000000002, 1
CON arabic_al-sufi CMa,3.289444444444445, 1
CON arabic_arabian_peninsula 2808,3.2920000000000003, 3
CON korean 167,3.295, 1
CON ruelle Mus,3.295, 1
CON western_rey Lib,3.296666666666667, 2
CON western_SnT Boo,3.2975, 1
CON western Gem,3.2976470588235296, 4
CON western Mus,3.3, 2
CON arabic_ancient 4699,3.3, 1
CON korean 132,3.3000000000000003, 1
CON western Ara,3.3042857142857143, 2
CON navajo 008,3.307777777777778, 1
CON chinese 280,3.31, 1
CON ruelle Cep,3.311666666666667, 1
CON western_rey Sgr,3.313333333333334, 1
CON western_rey UMap2,3.315, 1
CON western_SnT Aql,3.316363636363636, 1
CON ruelle Tau,3.3214285714285707, 1
CON western_rey Aql,3.324545454545455, 1
CON sardinian 001,3.3266666666666667, 1
CON korean 022,3.328181818181818, 1
CON western Lib,3.3299999999999996, 2
CON western_rey Cen,3.3303448275862073, 1
CON western_SnT Lyr,3.338333333333333, 1
CON arabic_ancient 0430,3.3449999999999998, 1
CON western_rey Gem,3.3455555555555563, 1
CON chinese 183,3.3499999999999996, 1
CON romanian Arc,3.352727272727273, 1
CON western_rey Leo,3.36125, 1
CON aztec 001,3.361666666666667, 1
CON western_hlad Ara,3.3628571428571425, 1
CON western Peg,3.3742857142857146, 2
CON chinese 263,3.378, 1
CON ruelle Phe,3.3880000000000003, 1
CON western_hlad Lup,3.3890909090909087, 1
CON ruelle Ind,3.3899999999999997, 1
CON romanian Bar,3.3949999999999996, 1
CON arabic_al-sufi Cen,3.3973684210526316, 1
CON western_SnT Ara,3.3987499999999997, 1
CON anutan 001,3.4, 1
CON western_rey DraH,3.4050000000000002, 1
CON western_hlad Oph,3.4055555555555554, 1
CON chinese 167,3.407, 1
CON korean 071,3.41, 3
CON boorong Tch,3.41, 1
CON western_rey Ori,3.4104347826086956, 1
CON arabic_ancient 0799,3.4125, 2
CON chinese 054,3.4133333333333327, 1
CON korean 197,3.4133333333333336, 2
CON ruelle Pav,3.418, 1
CON korean 104,3.42, 1
CON korean 252,3.4236363636363634, 2
CON navajo 006,3.4260000000000006, 1
CON western Hyi,3.428, 2
CON korean 148,3.435, 1
CON arabic_ancient 4207,3.436666666666666, 1
CON korean 202,3.438, 2
CON western Gru,3.4444444444444446, 3
CON western_hlad Mus,3.4479999999999995, 1
CON indian N16,3.4524999999999997, 1
CON korean 018,3.4524999999999997, 2
CON japanese_moon_stations 03,3.4525, 1
CON arabic_ancient 1199,3.4611111111111112, 1
CON korean 014,3.4633333333333334, 2
CON western_rey Pyx,3.4699999999999998, 2
CON arabic_al-sufi 05Boo04,3.475, 1
CON western_rey Mus,3.478333333333333, 1
CON western_SnT Mus,3.478333333333333, 1
CON western_SnT Phe,3.48, 1
CON arabic_al-sufi Peg,3.4818750000000005, 1
CON western Tri,3.483333333333333, 6
CON bugis 012,3.483333333333333, 1
CON arabic_ancient 0899,3.486666666666667, 1
CON chinese 208,3.4879999999999995, 1
CON egyptian 017,3.4889473684210524, 1
CON korean 042,3.49, 1
CON korean 225,3.49, 1
CON anutan 004,3.491428571428572, 1
CON western_rey Boo,3.493333333333333, 1
CON korean 216,3.4939999999999998, 1
CON chinese 069,3.5, 1
CON korean 161,3.5022222222222226, 2
CON western_SnT Oph,3.5047058823529413, 1
CON tupi 004,3.5053658536585357, 1
CON korean 201,3.5060000000000002, 2
CON arabic_al-sufi Cyg,3.506249999999999, 1
CON western_rey Ara,3.5066666666666673, 1
CON western_hlad Lep,3.5129999999999995, 1
CON western_SnT Vir,3.5185714285714282, 1
CON western_rey Dra,3.5226666666666664, 2
CON ruelle Her,3.5233333333333334, 1
CON korean 187,3.524, 1
CON arabic_ancient 1502,3.524, 1
CON japanese_moon_stations 22,3.52625, 1
CON ruelle Cyg,3.527647058823529, 1
CON korean 163,3.53, 1
CON ruelle Dor,3.53, 1
CON western_rey Crv,3.53, 1
CON arabic_al-sufi Crv,3.53, 1
CON chinese 031,3.5300000000000002, 1
CON navajo 004,3.532666666666666, 1
CON tupi 001,3.532857142857143, 1
CON korean 150,3.5374999999999996, 1
CON western Dra,3.538, 4
CON western_SnT Per,3.5399999999999996, 1
CON korean 017,3.54, 2
CON arabic_al-sufi Aur,3.5433333333333326, 1
CON western_hlad Phe,3.5442857142857145, 1
CON western_SnT Ser,3.546428571428571, 1
CON arabic_al-sufi UMa,3.5470370370370365, 1
#CON western UMi,3.5485714285714285, 9
CON aztec 004,3.5485714285714285, 1
CON arabic_al-sufi UMi,3.5485714285714285, 1
CON arabic_al-sufi Arg,3.5576923076923075, 1
CON ruelle And,3.560769230769231, 1
CON western_rey Vir,3.5626666666666664, 1
CON western CVn,3.5650000000000004, 5
CON ruelle Boo,3.566875, 1
CON chinese 107,3.57, 1
CON western_rey Tau,3.5709999999999993, 1
CON chinese 089,3.572, 1
CON western_hlad Her,3.574666666666667, 1
CON navajo 001,3.5750000000000006, 1
CON ruelle Ara,3.5759999999999996, 1
CON romanian Tau,3.5766666666666667, 2
CON boorong Col,3.58, 1
CON ruelle Hya,3.581333333333333, 1
CON ruelle Ret,3.585, 1
CON western_SnT Cep,3.588, 1
CON korean 270,3.59, 1
CON ruelle Oph,3.596818181818182, 1
CON korean 026,3.6, 2
CON western_hlad Sgr,3.6031818181818185, 1
CON arabic_ancient 1101,3.6033333333333335, 1
CON western_rey Cyg,3.6073333333333335, 1
CON western Sgr,3.609047619047619, 2
CON western Vir,3.6133333333333333, 2
CON chinese 001,3.6133333333333337, 1
CON western_rey Lep,3.6181818181818186, 2
CON romanian Csa,3.6242857142857146, 1
CON arabic_al-sufi Cas,3.626153846153846, 1
CON korean 020,3.63, 2
CON chinese 130,3.6310000000000002, 1
CON western_hlad Col,3.633333333333334, 2
CON tukano 001,3.6353488372093024, 1
CON western_rey Hyi,3.6366666666666667, 1
CON arabic_ancient 4205,3.63875, 1
CON romanian Ccp,3.6399999999999997, 1
CON arabic_ancient 0410,3.64, 2
CON korean 112,3.6400000000000006, 1
CON korean 086,3.6425, 1
CON egyptian 015,3.6450000000000005, 1
CON western_rey Peg,3.6458823529411766, 1
CON arabic_al-sufi Gem,3.6473684210526316, 1
CON western_rey Cep,3.6481818181818184, 1
CON arabic_al-sufi Tri,3.6483333333333334, 1
CON western_rey Per,3.6491304347826086, 1
CON western Phe,3.6499999999999995, 2
CON macedonian 017,3.65, 1
CON western Lup,3.6508333333333325, 2
CON western_hlad Dra,3.6512499999999997, 1
CON arabic_ancient 4799,3.656, 1
CON western_rey Hya,3.665882352941176, 1
CON chinese 022,3.6681818181818184, 1
CON boorong Cwp,3.6699999999999995, 1
CON western_rey DraF,3.67, 1
CON korean 185,3.679411764705882, 1
CON ruelle CrB,3.684, 1
CON western_hlad Gru,3.686, 1
CON japanese_moon_stations 19,3.686666666666666, 1
CON korean 226,3.69, 2
CON chinese 077,3.69, 1
CON blackfoot 003,3.690526315789474, 1
CON romanian Sar,3.691034482758621, 1
CON korean 246,3.6942857142857144, 1
CON western_hlad Pav,3.697777777777777, 1
CON tongan 007,3.697777777777778, 1
CON korean 033,3.6990000000000003, 1
CON korean 003,3.6999999999999997, 1
CON western Her,3.7021052631578955, 1
CON western_rey Oph,3.7060000000000004, 1
CON romanian Ber,3.7128571428571426, 1
CON lokono 011,3.7138888888888895, 1
CON western_rey Lyr,3.714, 1
CON arabic_ancient 0501,3.715, 1
CON korean 122,3.7166666666666663, 2
CON korean 141,3.717777777777778, 1
CON ruelle Dra,3.720625, 1
CON western_SnT And,3.722941176470588, 1
CON western Ind,3.723333333333333, 2
CON arabic_al-sufi Ori,3.7261764705882348, 1
CON western Cap,3.7277777777777783, 3
CON western_rey SerCp,3.7316666666666674, 1
CON japanese_moon_stations 08,3.7359999999999998, 1
CON western_rey Col,3.7385714285714284, 1
CON western Col,3.738571428571429, 2
CON arabic_al-sufi Lep,3.739166666666666, 1
CON western_hlad Cep,3.7399999999999998, 1
CON arabic_ancient 3999,3.74, 2
CON ruelle Cap,3.741666666666666, 1
CON korean 114,3.7422222222222223, 1
CON korean 007,3.7433333333333336, 2
CON arabic_al-sufi Lup,3.745, 1
CON ruelle Aqr,3.747272727272727, 1
CON western_rey And,3.749444444444445, 1
CON macedonian 002,3.75, 1
CON western_rey Opha1,3.75, 1
CON arabic_al-sufi Cep,3.751818181818182, 1
CON japanese_moon_stations 18,3.7524999999999995, 1
CON chinese_contemporary Her,3.7533333333333334, 1
CON western_SnT Cap,3.7533333333333334, 1
CON western_rey Her,3.753913043478261, 1
CON western_rey Phe,3.7544444444444443, 1
CON western_rey DraT,3.76, 1
CON blackfoot 004,3.7600000000000002, 2
CON chinese 095,3.7675, 1
CON western Ser,3.768333333333333, 2
CON western_SnT Her,3.778095238095238, 1
CON ruelle Vir,3.78875, 1
CON western_rey Ser,3.7894999999999994, 1
CON chinese 145,3.7900000000000005, 1
CON western Tel,3.795, 3
CON arabic_arabian_peninsula 3199,3.7999999999999994, 3
CON western_rey For,3.8, 1
CON western_SnT Hya,3.8, 1
CON korean 251,3.8018181818181813, 1
CON ruelle Leo,3.8024, 1
CON tongan 008,3.8033333333333332, 1
CON korean 088,3.805, 3
CON western_rey Eri,3.8071428571428574, 1
CON chinese 136,3.8071428571428574, 1
CON western Lep,3.8107692307692314, 2
CON western Pav,3.819090909090909, 3
CON western_SnT Pav,3.819090909090909, 1
CON chinese 108,3.82, 1
CON egyptian 014,3.8240000000000007, 1
CON western_SnT Cet,3.825384615384616, 1
CON western Aqr,3.826, 2
CON egyptian 016,3.826, 1
CON arabic_ancient 2099,3.826521739130435, 1
CON ruelle Aql2,3.8344444444444443, 1
CON korean 207,3.835, 1
CON romanian Vca,3.8373333333333335, 1
CON chinese 213,3.8377777777777777, 1
CON western Eri,3.842142857142857, 2
CON western Hya,3.842222222222222, 2
CON chinese 128,3.844545454545454, 1
CON arabic_ancient 3699,3.845, 2
CON western_rey Hor,3.85, 1
CON arabic_ancient 1501,3.850000000000001, 1
CON western_hlad Hya,3.854210526315789, 1
CON korean 053,3.8549999999999995, 1
CON korean 152,3.8549999999999995, 2
CON arabic_ancient 4399,3.855, 1
CON western_rey Lup,3.856666666666667, 1
CON indian N24,3.86, 1
CON korean 155,3.86, 1
CON western_SnT Aqr,3.86, 1
CON chinese 072,3.8600000000000003, 1
CON ruelle Eri,3.8611999999999993, 1
CON western Tuc,3.8625, 2
CON western Pic,3.8633333333333333, 4
CON western_rey Pic,3.8633333333333333, 1
CON arabic_ancient 4099,3.865, 2
CON chinese 278,3.8658823529411763, 1
CON western_rey Cet,3.8661538461538467, 1
CON western_rey SerCd,3.8762499999999998, 1
CON western_hlad PsA,3.8785714285714286, 1
CON chinese 168,3.88, 1
CON chinese 210,3.8800000000000003, 1
CON western_SnT Eri,3.881666666666666, 1
CON western_hlad Aqr,3.8825, 1
CON western_hlad Ser,3.882999999999999, 1
CON korean 159,3.8839999999999995, 1
CON korean 269,3.89, 1
CON western Pyx,3.89, 2
CON western_hlad Cap,3.891818181818182, 1
CON western_hlad Ind,3.8925, 1
CON arabic_al-sufi Lyr,3.897, 1
CON egyptian 007,3.8974999999999995, 1
CON korean 236,3.9, 2
CON western_hlad Cet,3.9060000000000006, 1
CON western_hlad Eri,3.906999999999999, 1
CON western Cir,3.91, 5
CON korean 116,3.9124999999999996, 1
CON korean 044,3.9133333333333336, 1
CON arabic_ancient 3003,3.9133333333333336, 3
CON macedonian 005,3.915, 1
CON arabic_ancient 0299,3.915, 2
CON western_hlad Dor,3.915, 1
CON ruelle PsA,3.9183333333333334, 1
CON romanian Cap,3.9199999999999995, 1
CON arabic_al-sufi Aql,3.923333333333334, 1
CON romanian Vir,3.9256249999999997, 1
CON arabic_ancient 1299,3.9299999999999997, 1
CON arabic_al-sufi Per,3.9311111111111106, 1
CON arabic_al-sufi Ara,3.9322222222222214, 1
CON ruelle Ser,3.933333333333333, 1
CON chinese 062,3.93375, 1
#CON macedonian 016,3.934285714285714, 10
CON romanian Hra,3.9342857142857146, 1
CON sardinian 002,3.935714285714286, 1
CON arabic_ancient 2004,3.936666666666667, 1
CON korean 214,3.9385714285714286, 1
CON navajo 005,3.9466666666666668, 3
CON korean 229,3.9471428571428575, 2
CON chinese 282,3.95, 1
CON indian N05,3.9566666666666666, 1
CON korean 172,3.9566666666666666, 2
CON chinese 034,3.9566666666666666, 1
CON chinese 083,3.9600000000000004, 1
CON arabic_al-sufi Sgr,3.9629999999999996, 1
CON korean 006,3.9650000000000003, 1
CON western Vol,3.9666666666666663, 2
CON chinese 051,3.966666666666667, 1
CON chinese 094,3.9674999999999994, 1
CON ruelle Cer,3.968, 1
CON korean 195,3.9699999999999998, 1
CON korean 237,3.9716666666666662, 1
CON western Aps,3.973333333333333, 2
CON western_SnT Vol,3.974, 1
CON ruelle Lyn,3.9800000000000004, 1
CON korean 244,3.983333333333333, 2
CON western_rey Tuc,3.9880000000000004, 1
CON korean 220,3.99, 2
CON arabic_al-sufi Hya,3.990357142857143, 1
CON western_hlad Sge,3.9924999999999997, 3
CON ruelle Sge,3.9924999999999997, 1
CON korean 124,3.992857142857143, 1
CON belarusian 003,3.992857142857143, 1
CON chinese 252,3.993846153846154, 1
CON romanian Omu,3.998333333333335, 1
CON arabic_ancient 2699,3.998666666666667, 1
CON korean 025,4.0, 2
CON chinese 311,4.0, 1
CON arabic_ancient 5999,4.0042857142857144, 1
CON korean 019,4.006666666666667, 1
CON chinese 076,4.01, 1
CON chinese 103,4.01, 1
CON western_rey Cap,4.010000000000001, 1
CON lokono 003,4.013333333333334, 1
CON boorong Bbg,4.015, 1
CON western_SnT Ind,4.016, 1
CON arabic_ancient 2008,4.016666666666667, 1
CON korean 268,4.02, 2
CON western_rey PsA,4.02125, 2
CON korean 249,4.027142857142858, 1
CON macedonian 010,4.0275, 1
CON arabic_ancient 2399,4.0275, 1
CON romanian Pmi,4.028, 1
CON western Del,4.0280000000000005, 4
CON anutan 007,4.0280000000000005, 1
CON arabic_al-sufi Oph,4.029642857142858, 1
CON ruelle Sct,4.029999999999999, 1
CON western_rey Ari,4.031, 1
CON arabic_ancient 2899,4.031052631578947, 1
CON chinese 081,4.031666666666667, 1
CON arabic_al-sufi And,4.034347826086957, 1
CON chinese 281,4.035, 1
CON western_SnT Tel,4.036666666666666, 1
CON tupi 006,4.0371428571428565, 1
CON japanese_moon_stations 24,4.037142857142857, 1
CON chinese 015,4.037142857142857, 1
CON tupi 003,4.039032258064515, 1
CON western Ret,4.0425, 5
CON arabic_al-sufi Ser,4.052777777777779, 1
CON boorong Pur,4.053846153846154, 1
CON western Oct,4.056666666666666, 4
CON chinese 111,4.0600000000000005, 1
CON western Dor,4.062, 2
CON chinese 251,4.0633333333333335, 1
CON korean 178,4.064285714285715, 1
CON arabic_ancient 2003,4.0649999999999995, 1
CON korean 108,4.066000000000001, 1
CON western_rey Aqr,4.068571428571428, 1
CON ruelle Cet,4.069473684210526, 1
CON arabic_al-sufi Tau,4.07, 1
CON chinese 109,4.07, 1
CON western_hlad Tuc,4.075, 2
CON western_rey Ind,4.0760000000000005, 1
CON korean 183,4.07625, 1
CON chinese 013,4.07625, 1
CON ruelle Lac,4.079999999999999, 1
CON western_rey Lyn,4.081428571428572, 1
CON chinese 309,4.083, 1
CON korean 037,4.084, 1
CON romanian Rac,4.0840000000000005, 2
CON western Cet,4.086842105263158, 2
CON korean 090,4.087142857142857, 1
CON arabic_arabian_peninsula 3499,4.0874999999999995, 3
CON korean 082,4.0874999999999995, 1
CON arabic_ancient 1999,4.088947368421053, 2
CON arabic_ancient 2299,4.09, 1
CON ruelle Tuc,4.09, 1
CON arabic_al-sufi Leo,4.097600000000001, 1
CON japanese_moon_stations 25,4.098333333333334, 1
CON indian N23,4.1, 1
CON arabic_ancient 4203,4.1033333333333335, 1
CON korean 193,4.11, 1
CON arabic_ancient 4204,4.115, 1
CON navajo 002,4.116153846153846, 1
CON chinese 221,4.116666666666666, 1
CON tukano 002,4.118461538461538, 1
CON japanese_moon_stations 09,4.119999999999999, 1
CON korean 097,4.122, 2
CON japanese_moon_stations 15,4.1225000000000005, 1
CON romanian Chi,4.1235, 1
CON indian N09,4.124, 1
CON western For,4.125, 2
CON chinese 033,4.12875, 1
CON chinese 071,4.13, 1
CON western Cha,4.133333333333334, 2
CON korean 034,4.135, 1
CON korean 235,4.138, 1
CON arabic_ancient 1499,4.13875, 3
CON western Lyn,4.141249999999999, 3
CON chinese 113,4.144, 1
CON korean 129,4.148571428571429, 1
CON korean 063,4.15, 2
CON western_hlad Aps,4.15, 2
CON western_rey Aps,4.15, 1
CON chinese 308,4.15125, 1
CON chinese 265,4.152, 1
CON western_hlad Mon,4.152857142857143, 1
CON korean 145,4.1546666666666665, 1
CON korean 119,4.155, 2
CON korean 057,4.1571428571428575, 1
CON arabic_al-sufi Dra,4.158709677419355, 1
CON western_rey Vol,4.161428571428571, 1
CON korean 099,4.162857142857144, 1
CON indian N03,4.16375, 1
CON chinese 269,4.164, 1
CON korean 100,4.17, 1
CON western_rey Dor,4.170000000000001, 2
CON romanian Prb,4.172, 1
CON arabic_al-sufi Cet,4.174545454545453, 1
CON korean 255,4.175, 1
CON western PsA,4.175714285714285, 2
CON korean 093,4.18, 1
CON korean 265,4.18, 1
CON chinese 279,4.18, 1
CON egyptian 006,4.180714285714286, 1
CON western_rey Cnc,4.1816666666666675, 1
CON arabic_ancient 3799,4.19, 2
CON chinese 296,4.198, 1
CON arabic_al-sufi Her,4.199666666666667, 1
CON chinese 218,4.2, 1
CON western_hlad Del,4.204, 1
CON chinese 125,4.208333333333333, 1
CON korean 079,4.21, 1
CON arabic_ancient 6199,4.21, 1
CON western_rey Mon,4.211, 1
CON arabic_al-sufi Boo,4.211818181818182, 1
CON western Sge,4.212000000000001, 2
CON tukano 006,4.21375, 1
CON korean 138,4.214444444444444, 1
CON western_rey Ophf2,4.22, 1
CON chinese 310,4.22, 1
CON chinese 046,4.22111111111111, 1
CON chinese 253,4.2225, 1
CON arabic_arabian_peninsula 3399,4.226666666666667, 3
CON korean 191,4.232, 1
CON arabic_al-sufi Eri,4.232352941176471, 1
CON chinese 215,4.236363636363635, 1
CON western_hlad Cha,4.238, 1
CON chinese 068,4.24, 1
CON korean 061,4.2425, 1
CON western_SnT Mon,4.244444444444444, 1
CON arabic_ancient 2702,4.245, 1
CON western_hlad Sct,4.246666666666667, 1
CON korean 115,4.25, 2
CON egyptian 011,4.25, 1
CON arabic_ancient 4999,4.254, 1
CON western LMi,4.255, 2
CON western_hlad LMi,4.255, 1
CON western Cnc,4.258333333333334, 2
CON indian N02,4.26, 2
CON arabic_arabian_peninsula 2603,4.26, 6
CON korean 102,4.26, 2
CON korean 194,4.26, 1
CON ruelle Mon,4.262, 1
CON chinese 312,4.265000000000001, 1
CON korean 126,4.27, 1
CON korean 166,4.27, 1
CON korean 180,4.2700000000000005, 1
CON ruelle Psc,4.272, 1
CON chinese 087,4.277777777777778, 1
CON western_hlad Lac,4.28, 1
CON western_rey Ant,4.28, 1
CON chinese 126,4.28, 1
CON korean 186,4.281428571428571, 1
CON western_hlad Vol,4.283333333333334, 1
CON chinese 032,4.284285714285715, 1
CON western Lac,4.288333333333333, 2
CON korean 008,4.29, 2
CON western_SnT Psc,4.29, 1
CON korean 257,4.2925, 1
CON chinese 184,4.2925, 1
CON chinese 313,4.2925, 1
CON korean 080,4.295, 2
CON korean 267,4.3, 2
CON western Com,4.3, 5
CON western_hlad Lyn,4.3, 1
CON western_rey Scl,4.3, 1
CON western_SnT Com,4.3, 1
CON boorong Nln,4.303636363636364, 1
CON arabic_ancient 1901,4.305000000000001, 2
CON western_hlad For,4.31, 2
CON western_hlad Pyx,4.3116666666666665, 1
CON book-of-the-stars-almagest SFA,4.3136363636363635, 1
CON chinese 045,4.3149999999999995, 1
CON chinese 135,4.3183333333333325, 1
CON chinese 212,4.3183333333333325, 1
CON chinese 140,4.32, 1
CON boorong Tot,4.32125, 1
CON korean 051,4.3225, 1
CON western_SnT CrA,4.326, 1
CON western Mon,4.327142857142857, 2
CON korean 248,4.3277777777777775, 1
CON arabic_al-sufi Vir,4.3281481481481485, 1
CON korean 232,4.33, 1
CON arabic_al-sufi PsA,4.333333333333333, 1
CON arabic_arabian_peninsula 3299,4.336666666666667, 3
CON korean 075,4.3375, 1
CON western_rey Chae,4.34, 1
CON egyptian 020,4.34, 1
CON ruelle Lib,4.3425, 1
CON chinese 165,4.344285714285714, 1
CON western_SnT Cha,4.346, 1
CON western_rey LMi,4.348, 2
CON korean 084,4.35, 1
CON japanese_moon_stations 26,4.3549999999999995, 1
CON arabic_ancient 1599,4.3566666666666665, 1
CON korean 125,4.36, 2
CON arabic_ancient 2006,4.36, 1
CON western_rey Sct,4.36, 2
CON chinese 058,4.36, 1
CON chinese 066,4.36, 1
CON western Scl,4.363333333333333, 2
CON western_rey Equ,4.363333333333333, 2
CON arabic_ancient 6299,4.364, 1
CON romanian Var,4.364090909090908, 1
CON western_rey Lac,4.364444444444445, 2
CON egyptian 010,4.367857142857143, 1
CON arabic_al-sufi Lib,4.374545454545454, 1
CON arabic_ancient 2506,4.379166666666666, 1
CON korean 004,4.38, 1
CON korean 234,4.38, 1
CON arabic_ancient 4899,4.38, 1
CON chinese 027,4.388571428571429, 1
CON japanese_moon_stations 27,4.392, 1
CON korean 120,4.393076923076922, 1
CON korean 010,4.395, 3
CON arabic_al-sufi Aqr,4.398461538461538, 1
CON korean 133,4.3999999999999995, 1
CON korean 200,4.3999999999999995, 1
CON egyptian 021,4.402000000000001, 1
CON western_SnT Cam,4.4025, 1
CON western_rey Cam,4.402500000000001, 1
CON chinese 257,4.405, 1
CON arabic_ancient 1399,4.406428571428572, 1
CON western_hlad Oct,4.4079999999999995, 1
CON korean 076,4.412000000000001, 1
CON korean 208,4.4125, 2
CON arabic_ancient 2799,4.416, 1
CON korean 103,4.418666666666667, 1
CON western_hlad Scl,4.42, 1
CON western_SnT Scl,4.42, 1
CON chinese 182,4.4275, 1
CON western_hlad Cam,4.4366666666666665, 1
CON korean 188,4.438571428571429, 1
CON korean 231,4.44, 1
CON western_rey Cae,4.44, 1
CON arabic_al-sufi Crt,4.441428571428571, 1
CON western Crt,4.44375, 3
CON western_hlad Crt,4.44375, 1
CON ruelle Crt,4.44375, 1
CON western_SnT Crt,4.44375, 1
CON arabic_al-sufi SFB,4.446363636363637, 1
CON romanian Sec,4.446666666666666, 1
CON western_hlad Psc,4.4475, 1
CON western Psc,4.453888888888889, 1
CON korean 083,4.455, 1
CON western_hlad CrA,4.457142857142858, 1
CON arabic_ancient 0499,4.4573333333333345, 1
CON western_hlad Tel,4.461666666666667, 1
CON western_hlad Nor,4.4625, 3
CON western_rey Psc,4.463157894736843, 1
CON western_hlad Ant,4.463333333333333, 2
CON korean 215,4.4712499999999995, 1
CON arabic_ancient 2499,4.475, 1
CON chinese 090,4.475, 1
CON western_rey Sex,4.48, 1
CON arabic_arabian_peninsula 2550,4.485999999999999, 3
CON chinese 134,4.489999999999999, 1
CON chinese 012,4.491250000000001, 1
CON chinese 050,4.497142857142856, 1
CON korean 205,4.5, 2
CON arabic_ancient 2501,4.5, 2
CON chinese 195,4.5, 1
CON arabic_ancient 5199,4.501666666666666, 1
CON western_SnT Vul,4.505000000000001, 1
CON korean 211,4.506666666666667, 1
CON chinese 272,4.51, 1
CON chinese 038,4.5125, 1
CON western Nor,4.5175, 2
CON chinese 262,4.5200000000000005, 1
CON korean 043,4.523333333333333, 1
CON ruelle Cnc,4.523333333333333, 1
CON chinese 209,4.525555555555555, 1
CON boorong Bun,4.5285714285714285, 1
CON western_rey Boop,4.53, 1
CON korean 058,4.531666666666667, 1
CON chinese_contemporary Psc,4.536111111111111, 1
CON chinese 246,4.5375000000000005, 1
CON chinese 157,4.541428571428571, 1
CON korean 031,4.5424999999999995, 1
CON arabic_al-sufi Can,4.5475, 1
CON western_rey Cha,4.548, 1
CON western Vul,4.550000000000001, 3
CON chinese 220,4.550000000000001, 1
CON chinese 098,4.5525, 1
CON korean 160,4.553333333333334, 1
CON korean 029,4.555, 1
CON chinese 284,4.556666666666667, 1
CON chinese 173,4.5575, 1
CON tukano 004,4.558, 1
CON korean 204,4.56, 2
CON korean 164,4.5625, 1
CON western Equ,4.5625, 4
CON korean 242,4.57, 1
CON macedonian 014,4.5725, 1
CON korean 024,4.5725, 1
CON korean 002,4.575, 2
CON korean 247,4.576666666666667, 1
CON chinese 256,4.579999999999999, 1
CON korean 087,4.58, 1
CON chinese 248,4.58, 1
CON western_hlad Vul,4.584, 1
CON hawaiian_starlines MAK,4.585, 1
CON korean 070,4.585, 2
CON arabic_al-sufi SHr,4.5892307692307694, 1
CON korean 030,4.59, 1
CON ruelle Vul,4.5920000000000005, 1
CON western_hlad Cnc,4.593999999999999, 1
CON chinese 216,4.595, 1
CON korean 151,4.5975, 2
CON chinese 229,4.6, 1
CON arabic_ancient 6099,4.6036363636363635, 1
CON korean 139,4.605, 1
CON chinese 156,4.606, 1
CON korean 157,4.61, 1
CON boorong Wjl,4.611666666666666, 1
CON chinese 206,4.6160000000000005, 1
CON western Cam,4.617999999999999, 2
CON arabic_ancient 5899,4.618333333333333, 1
CON japanese_moon_stations 10,4.6225, 1
CON korean 066,4.6225000000000005, 1
CON chinese 086,4.6274999999999995, 1
CON chinese 052,4.63, 1
CON boorong Won,4.63, 1
CON western_rey Del,4.634444444444444, 1
CON indian N08,4.635, 1
CON ruelle Cam,4.635, 1
CON arabic_al-sufi Del,4.635, 1
CON boorong War,4.636, 1
CON chinese 306,4.636666666666667, 1
CON chinese 030,4.638333333333334, 1
CON western Sct,4.640000000000001, 2
CON korean 190,4.651578947368422, 1
CON arabic_ancient 4199,4.652, 1
CON chinese 043,4.652727272727272, 1
CON korean 049,4.66, 2
CON western_rey CrA,4.661250000000001, 1
CON chinese 271,4.6625, 1
CON chinese 242,4.6669230769230765, 1
CON boorong Ktc,4.667999999999999, 1
CON chinese 294,4.67, 1
CON chinese 147,4.673333333333333, 1
CON chinese 074,4.673333333333334, 1
CON korean 263,4.68, 1
CON chinese 105,4.68, 1
CON western_rey Com,4.681666666666667, 1
CON korean 121,4.6825, 1
CON chinese 201,4.6850000000000005, 1
CON korean 261,4.686, 1
CON korean 144,4.6866666666666665, 1
CON korean 233,4.688000000000001, 1
CON chinese 199,4.6925, 1
CON korean 069,4.695, 1
CON korean 239,4.7, 1
CON arabic_al-sufi CrA,4.702307692307691, 1
CON chinese 055,4.703333333333333, 1
CON korean 011,4.705, 1
CON korean 266,4.705, 1
CON chinese 163,4.705, 1
CON western_hlad Equ,4.71, 1
CON chinese 016,4.71, 1
CON chinese 228,4.71875, 1
CON arabic_al-sufi Cap,4.7224, 1
CON chinese 316,4.724444444444444, 1
CON korean 067,4.725, 1
CON western Hor,4.726666666666667, 2
CON korean 212,4.73, 1
CON korean 179,4.731666666666667, 1
CON korean 085,4.7317647058823535, 1
CON chinese 017,4.7325, 1
CON romanian Psc,4.734285714285714, 1
CON korean 184,4.7375, 1
CON korean 147,4.743333333333333, 1
CON chinese 174,4.75, 1
CON western Ant,4.755000000000001, 2
CON western CrA,4.756, 2
CON western Mic,4.756666666666667, 2
CON chinese 169,4.76, 1
CON chinese 233,4.76, 1
CON chinese 274,4.76, 1
CON chinese 249,4.7733333333333325, 1
CON western_hlad Cae,4.775, 2
CON arabic_ancient 1902,4.7775, 2
CON western Sex,4.78, 2
CON korean 078,4.784000000000001, 1
CON korean 105,4.7871428571428565, 1
CON korean 094,4.789, 1
CON korean 162,4.79, 1
CON chinese 191,4.79, 1
CON chinese 153,4.791666666666667, 1
CON korean 198,4.792, 1
CON arabic_al-sufi Sge,4.795000000000001, 1
CON korean 146,4.799999999999999, 1
CON chinese 085,4.805, 1
CON western_rey Virf,4.81, 1
CON chinese 141,4.8133333333333335, 1
CON korean 068,4.8149999999999995, 1
CON korean 176,4.8149999999999995, 2
CON chinese 007,4.815, 1
CON korean 041,4.819999999999999, 1
CON korean 065,4.82, 2
CON western_rey Ophb,4.82, 1
CON korean 074,4.826666666666666, 1
CON aztec 002,4.831428571428572, 1
CON korean 142,4.834285714285714, 1
CON western_hlad Mic,4.836, 1
CON arabic_al-sufi Psc,4.83764705882353, 1
CON arabic_arabian_peninsula 2810,4.845, 3
CON boorong Lnk,4.848181818181818, 1
CON ruelle Com,4.849090909090909, 1
CON boorong Yur,4.85, 1
CON western Cae,4.8500000000000005, 2
CON korean 050,4.85076923076923, 1
CON northern_andes 003,4.850909090909091, 1
CON siberian DNe,4.85875, 1
CON chinese 158,4.86, 1
CON korean 054,4.862222222222223, 1
CON arabic_ancient 3004,4.864166666666667, 1
CON chinese 302,4.866666666666666, 1
CON chinese 231,4.87625, 1
CON western_hlad Sex,4.876666666666667, 1
CON arabic_arabian_peninsula 4201,4.8774999999999995, 3
CON korean 048,4.885, 1
CON korean 199,4.885000000000001, 1
CON korean 072,4.89, 1
CON korean 156,4.89, 1
CON western_rey Mic,4.89, 1
CON korean 221,4.890000000000001, 1
CON western_hlad Hor,4.892, 1
CON tukano 005,4.8970909090909105, 1
CON macedonian 011,4.897500000000001, 1
CON korean 005,4.9, 2
CON chinese 193,4.9025, 1
CON chinese 029,4.908666666666666, 1
CON korean 131,4.91, 1
CON chinese 176,4.91, 1
CON lokono 012,4.913939393939394, 1
CON arabic_al-sufi Ari,4.915, 1
CON korean 140,4.92, 1
CON arabic_ancient 0601,4.92, 1
CON boorong Wkr,4.92, 1
CON western_hlad CVn,4.925000000000001, 1
CON chinese 171,4.925714285714285, 1
CON chinese 131,4.93, 1
CON chinese 118,4.937777777777779, 1
CON arabic_ancient 1099,4.938000000000001, 1
CON korean 170,4.94, 1
CON korean 127,4.944, 1
CON chinese 178,4.945, 1
CON korean 182,4.95, 1
CON korean 222,4.95, 1
CON korean 098,4.952500000000001, 1
CON western_SnT Sex,4.955, 1
CON chinese 250,4.96, 1
CON chinese 172,4.960000000000001, 1
CON chinese 119,4.961666666666667, 1
CON korean 091,4.963414634146342, 1
CON chinese 226,4.965, 1
CON korean 210,4.97, 2
CON arabic_ancient 2703,4.971428571428571, 1
CON arabic_ancient 1903,4.9750000000000005, 2
CON korean 230,4.976666666666666, 1
CON western_SnT Hor,4.9766666666666675, 1
CON korean 175,4.977500000000001, 1
CON korean 001,4.98, 1
CON korean 260,4.9825, 1
CON chinese 275,4.993333333333333, 1
CON korean 060,4.994285714285715, 1
CON korean 128,4.994999999999999, 1
CON chinese 292,4.995, 1
CON chinese 224,4.9959999999999996, 1
CON chinese 180,4.997999999999999, 1
CON western_rey Cygn,5.0, 1
CON korean 223,5.01, 1
CON korean 077,5.012857142857143, 1
CON chinese 287,5.013333333333333, 1
CON chinese 079,5.015000000000001, 1
CON korean 064,5.0200000000000005, 1
CON korean 045,5.025, 1
CON korean 089,5.03, 1
CON western_rey Cenf,5.03, 1
CON lokono 007,5.0312, 1
CON korean 096,5.04, 1
CON western_rey Cenb,5.04, 1
CON korean 015,5.046666666666667, 1
CON chinese 049,5.05, 1
CON chinese 240,5.0520000000000005, 1
CON korean 262,5.0525, 1
CON chinese 189,5.068333333333333, 1
CON korean 259,5.075, 1
CON chinese 142,5.078333333333333, 1
CON western_rey Men,5.08, 1
CON korean 189,5.098333333333334, 1
CON chinese 230,5.1, 1
CON boorong Ydk,5.1, 1
CON chinese 286,5.101999999999999, 1
CON korean 056,5.113333333333333, 1
CON chinese 035,5.116250000000001, 1
CON chinese 037,5.12, 1
CON chinese 115,5.12, 1
CON chinese 307,5.128333333333333, 1
CON western_hlad Men,5.13, 1
CON chinese 241,5.136666666666667, 1
CON boorong Cwr,5.13875, 1
CON korean 123,5.14, 2
CON western_rey Carh,5.14, 1
CON chinese 061,5.14, 1
CON chinese 075,5.141428571428571, 1
CON chinese 190,5.155, 1
CON chinese 235,5.163333333333334, 1
CON korean 264,5.175, 1
CON chinese 261,5.176666666666667, 1
CON chinese 188,5.18, 1
CON korean 106,5.186, 1
CON tukano 003,5.188947368421052, 1
CON western_SnT Men,5.1899999999999995, 1
CON korean 135,5.194, 1
CON chinese 056,5.2, 1
CON chinese 132,5.201428571428571, 1
CON indian N27,5.21, 1
CON chinese 259,5.21, 1
CON korean 217,5.233333333333333, 1
CON korean 111,5.236, 1
CON chinese 139,5.2375, 1
CON chinese 270,5.2425, 1
CON korean 209,5.25, 1
CON chinese 120,5.250000000000001, 1
CON navajo 003,5.2538888888888895, 1
CON chinese 129,5.255, 1
CON chinese 036,5.256666666666667, 1
CON chinese 073,5.256666666666667, 1
CON chinese 318,5.258888888888889, 1
CON korean 206,5.26, 2
CON korean 134,5.266666666666667, 1
CON korean 258,5.2675, 1
CON chinese 223,5.27, 1
CON chinese 102,5.2725, 1
CON western_rey Leoh,5.29, 1
CON chinese 219,5.2925, 1
CON chinese 301,5.294, 1
CON western_rey Ophf1,5.3, 1
CON korean 224,5.300000000000001, 1
CON boorong Tbg,5.315, 1
CON chinese 268,5.32, 1
CON korean 113,5.326666666666667, 1
CON chinese 297,5.327500000000001, 1
CON chinese 152,5.33, 1
CON korean 136,5.343333333333334, 1
CON korean 228,5.3500000000000005, 1
CON chinese 080,5.351111111111112, 1
CON western Men,5.355, 2
CON arabic_ancient 0999,5.355, 1
CON chinese 064,5.3566666666666665, 1
CON western_rey Virh,5.36, 1
CON chinese 101,5.364285714285714, 1
CON korean 073,5.365, 1
CON chinese 196,5.365, 1
CON korean 218,5.376666666666668, 1
CON chinese 200,5.385, 1
CON tukano 009,5.3925, 1
CON korean 059,5.3933333333333335, 1
CON korean 203,5.3999999999999995, 1
CON western_rey Aqlt,5.4, 1
CON korean 143,5.40125, 1
CON arabic_ancient 2811,5.404166666666668, 1
CON korean 016,5.410000000000001, 1
CON chinese 290,5.410666666666669, 1
CON western_rey Cenl,5.42, 1
CON chinese 267,5.42, 1
CON lokono 006,5.425263157894736, 1
CON korean 243,5.43, 2
CON chinese 273,5.43, 1
CON chinese 143,5.433333333333334, 1
CON boorong Otc,5.43375, 1
CON chinese 181,5.4350000000000005, 1
CON chinese 053,5.455000000000001, 1
CON western_rey Tauc2,5.46, 1
CON chinese 185,5.46, 1
CON western_SnT Mic,5.475, 1
CON chinese 198,5.484999999999999, 1
CON western_rey Booh,5.52, 1
CON chinese 295,5.522500000000001, 1
CON korean 110,5.531999999999999, 1
CON western_rey Leot,5.54, 1
CON chinese 186,5.546250000000001, 1
CON western_rey Colw,5.55, 1
CON chinese 207,5.55, 1
CON chinese 315,5.55, 1
CON korean 213,5.555, 1
CON northern_andes 001,5.556875, 1
CON indian N26,5.57, 1
CON chinese 070,5.57, 1
CON chinese 117,5.57, 1
CON korean 036,5.58, 1
CON chinese 247,5.58, 1
CON chinese 254,5.58, 1
CON arabic_arabian_peninsula 3005,5.598, 3
CON western_rey Aqlw1,5.6, 1
CON chinese 225,5.6049999999999995, 1
CON macedonian 012,5.609999999999999, 1
CON chinese 137,5.615, 1
CON arabic_arabian_peninsula 2803,5.6175, 3
CON belarusian 012,5.62, 1
CON korean 271,5.625, 1
CON western_rey Opha2,5.63, 1
CON korean 245,5.6433333333333335, 1
CON chinese 214,5.646666666666666, 1
CON korean 241,5.648000000000001, 1
CON chinese 057,5.66, 1
CON chinese 127,5.6825, 1
CON korean 240,5.708, 1
CON chinese 088,5.7125, 1
CON chinese 277,5.722499999999999, 1
CON northern_andes 002,5.746818181818181, 1
CON boorong Unu,5.748636363636362, 1
CON korean 272,5.764285714285714, 1
CON chinese 236,5.764615384615384, 1
CON korean 238,5.772857142857142, 1
CON korean 047,5.79, 1
CON chinese 114,5.79, 1
CON chinese 255,5.816, 1
CON western_rey Colt,5.82, 1
CON boorong Kul,5.825000000000001, 1
CON chinese 116,5.83, 1
CON western_rey Scot,5.84, 1
CON chinese 203,5.85, 1
CON western_rey Hyat,5.86, 1
CON western_rey Scoc,5.86, 1
CON western_rey Cena1,5.88, 1
CON western_rey Aqlh,5.89, 1
CON western_rey Boob,5.9, 1
CON chinese 154,5.907500000000001, 1
CON western_rey Cenh,5.93, 1
CON western_rey Sgrh,5.96, 1
CON western_rey Scoe,5.98, 1
CON chinese 175,5.995, 1
CON chinese 289,6.0, 1
CON arabic_arabian_peninsula 2604,6.07, 3
CON macedonian 009,6.105, 1
CON western_rey Cena2,6.14, 1
CON chinese 197,6.16, 1
CON chinese 237,6.172499999999999, 1
CON chinese 067,6.186, 1
CON western_rey Cygw2,6.21, 1
CON chinese 285,6.215, 1
CON chinese 258,6.234999999999999, 1
CON western_rey SerHh,6.26, 1
CON western_rey Taut,6.29, 1
CON western_rey Pegh,6.33, 1
CON western_rey PscW,6.33, 1
CON western_rey Pupt,6.34, 1
CON western_rey Hyah,6.35, 1
CON korean 177,6.39, 1
CON western_rey Lupe,6.41, 1
CON korean 027,6.496666666666667, 1
CON western_rey Oric,6.54, 1
CON northern_andes 004,6.570909090909091, 1
CON western_rey Pegw,6.67, 1
CON western_rey Arih,6.74, 1
CON western_rey Oris,6.77, 1
CON western_rey Tauc1,6.79, 1
CON western_rey PscN,6.86, 1
CON western_rey Colh,6.87, 1
CON chinese 104,6.9, 1
CON egyptian 028,6.91, 1
CON western_rey Crvt,6.93, 1
CON chinese 276,6.94, 1
CON western_rey Cygw1,6.95, 1
CON western_rey Aqlw2,7.06, 1
CON western_rey Ophh,7.09, 1
CON western_rey Arit,7.14, 1
CON western_rey UMah,7.23, 1
CON western_rey Tauh,7.35, 1
CON western_rey Pegt,7.38, 1
CON western_rey Andc,7.43, 1
CON western_rey Sgrs,7.46, 1
CON western_rey Lupt,7.47, 1
CON western_rey Aqra,7.49, 1
CON western_rey Crvb,7.52, 1
CON western_rey Orib,7.61, 1
CON western_rey Volw1,7.74, 1
CON western_rey Herc,7.77, 1
CON western_rey Cygf,7.82, 1
CON western_rey Aqrv,7.86, 1
CON western_rey Cett,7.88, 1
CON western_rey Sgrb,7.9, 1
CON macedonian 008,7.965, 1
CON western_rey Volw2,7.98, 1
CON western_rey Herk,8.13, 1
CON western_rey Aqrh,8.54, 1
CON western_rey Crvf,8.84, 1
